location_name,address,state,zip,location_type,location_sqft,data_source,utility_type,source_name,account_serial,building_unit,tenant_name,unit_sqft,pct_of_building,controlled_by,period_start,period_end,usage,units,cost,data_status,data_start_date,data_link
3083 Walnut Street,3083 Walnut Street,CO,80205,Office,65000.0,Utility Account,Water,Denver Water,1518880473,,,,,Landlord,2025-12-11,2026-01-13,6000.000000000001,gal,176.55,OK,,https://app.enertiv.com/app/portfolio/ecbca40a-713e-4433-ab97-3f3c16e1e359/utilities/bills?location=7ef89651-210a-49b1-a28a-e90cbf9987b8&ub_fromTime=2025-12-11&ub_toTime=2026-01-13
3083 Walnut Street,3083 Walnut Street,CO,80205,Office,65000.0,Utility Account,Electricity,Xcel Energy,5300151992190,,,,,Landlord,2025-12-15,2026-01-15,43135.0,kWh,9613.22,OK,,https://app.enertiv.com/app/portfolio/ecbca40a-713e-4433-ab97-3f3c16e1e359/utilities/bills?location=7ef89651-210a-49b1-a28a-e90cbf9987b8&ub_fromTime=2025-12-15&ub_toTime=2026-01-15
3083 Walnut Street,3083 Walnut Street,CO,80205,Office,65000.0,Utility Account,Electricity,Xcel Energy,5300151992190,,,,,Landlord,2025-12-15,2026-01-15,43135.0,kWh,9331.779999999999,OK,,https://app.enertiv.com/app/portfolio/ecbca40a-713e-4433-ab97-3f3c16e1e359/utilities/bills?location=7ef89651-210a-49b1-a28a-e90cbf9987b8&ub_fromTime=2025-12-15&ub_toTime=2026-01-15
3083 Walnut Street,3083 Walnut Street,CO,80205,Office,65000.0,Monitored,Electricity,Inverter 1,7E05BA51-8E,Roof,,,,Tenant,2026-01-01,2026-01-01,73.69992264000001,kWh,,OK,2025-12-15,https://app.enertiv.com/app/properties/7ef89651-210a-49b1-a28a-e90cbf9987b8/digitization/meters/6feeb585-36b1-4546-bf49-9d62ff42aa95?tab=data&fromTime=2026-01-01&toTime=2026-01-01&reading_types=3
4150 Olson,4150 Olson Memorial Hwy,MN,55422,Office,89905.0,Utility Account,Water,"City Of Golden Valley, Minnesota",0010762318,,,,,Landlord,2025-10-12,2026-05-12,38.00000000000002,kgal,358.67,OK,,https://app.enertiv.com/app/portfolio/ecbca40a-713e-4433-ab97-3f3c16e1e359/utilities/bills?location=cbdac01c-c34f-40b7-a6ac-a77da5f4a92a&ub_fromTime=2025-10-12&ub_toTime=2026-05-12
4150 Olson,4150 Olson Memorial Hwy,MN,55422,Office,89905.0,Utility Account,Electricity,Xcel Energy,5100109578791,,,,,Landlord,2025-12-04,2026-01-06,97200.0,kWh,10799.94,OK,,https://app.enertiv.com/app/portfolio/ecbca40a-713e-4433-ab97-3f3c16e1e359/utilities/bills?location=cbdac01c-c34f-40b7-a6ac-a77da5f4a92a&ub_fromTime=2025-12-04&ub_toTime=2026-01-06
4150 Olson,4150 Olson Memorial Hwy,MN,55422,Office,89905.0,Utility Account,Water,"City Of Golden Valley, Minnesota",0010762300,,,,,Landlord,2025-12-12,2026-01-12,49.00000000000002,kgal,1437.41,OK,,https://app.enertiv.com/app/portfolio/ecbca40a-713e-4433-ab97-3f3c16e1e359/utilities/bills?location=cbdac01c-c34f-40b7-a6ac-a77da5f4a92a&ub_fromTime=2025-12-12&ub_toTime=2026-01-12
4150 Olson,4150 Olson Memorial Hwy,MN,55422,Office,89905.0,Utility Account,Natural Gas,CenterPoint Energy,64005821356,,,,,Landlord,2025-12-26,2026-01-27,3561.0,thm,3942.02,OK,,https://app.enertiv.com/app/portfolio/ecbca40a-713e-4433-ab97-3f3c16e1e359/utilities/bills?location=cbdac01c-c34f-40b7-a6ac-a77da5f4a92a&ub_fromTime=2025-12-26&ub_toTime=2026-01-27
76 Commerce Center Bldg 1,22250 East I-76 Frontage Road,CO,80603,Distribution Center,543215.0,Monitored,Electricity,Meter 3,28727312,Outside,,,,Tenant,2026-01-01,2026-01-01,,,,Before Setup,2026-02-26,https://app.enertiv.com/app/properties/ac1fb866-e08a-4da9-a797-8c170161bdf9/digitization/meters/a40f08d9-3746-4338-98b2-224a2948998b?tab=data&fromTime=2026-01-01&toTime=2026-01-01&reading_types=3
76 Commerce Center Bldg 1,22250 East I-76 Frontage Road,CO,80603,Distribution Center,543215.0,Monitored,Electricity,Panel meter 1,15763865,Outside,,,,Tenant,2026-01-01,2026-01-01,,,,Before Setup,2026-02-26,https://app.enertiv.com/app/properties/ac1fb866-e08a-4da9-a797-8c170161bdf9/digitization/meters/634ad4e8-eaf0-498f-9ed1-8cca00f2777e?tab=data&fromTime=2026-01-01&toTime=2026-01-01&reading_types=3
76 Commerce Center Bldg 1,22250 East I-76 Frontage Road,CO,80603,Distribution Center,543215.0,Monitored,Electricity,Panel meter 2,34016773,Outside,,,,Tenant,2026-01-01,2026-01-01,,,,Before Setup,2026-02-26,https://app.enertiv.com/app/properties/ac1fb866-e08a-4da9-a797-8c170161bdf9/digitization/meters/ff7aae3d-9155-4592-bd3e-b66f4b00be29?tab=data&fromTime=2026-01-01&toTime=2026-01-01&reading_types=3
76 Commerce Center Bldg 3,22500 East I-76 Frontage Road,CO,80603,Distribution Center,526261.0,Monitored,Electricity,17300588,17300588,West side outdoor,,,,Tenant,2026-01-01,2026-01-01,,,,Before Setup,2026-03-13,https://app.enertiv.com/app/properties/9c4b71bf-e05c-4875-852d-96d96b2b2995/digitization/meters/d90a2cb2-24cd-4e88-80b6-c43ba0233ee6?tab=data&fromTime=2026-01-01&toTime=2026-01-01&reading_types=3
76 Commerce Center Bldg 3,22500 East I-76 Frontage Road,CO,80603,Distribution Center,526261.0,Monitored,Electricity,30099061,30099061,West side outdoor,,,,Tenant,2026-01-01,2026-01-01,,,,Before Setup,2026-03-13,https://app.enertiv.com/app/properties/9c4b71bf-e05c-4875-852d-96d96b2b2995/digitization/meters/f38a7b74-8736-4488-a36b-cb061173b019?tab=data&fromTime=2026-01-01&toTime=2026-01-01&reading_types=3
76 Commerce Center Bldg 3,22500 East I-76 Frontage Road,CO,80603,Distribution Center,526261.0,Monitored,Electricity,Exterior,30099137,East side outdoor,,,,Tenant,2026-01-01,2026-01-01,,,,Before Setup,2026-03-13,https://app.enertiv.com/app/properties/9c4b71bf-e05c-4875-852d-96d96b2b2995/digitization/meters/07294ea2-fa25-4a0d-8fb6-9e8e870656b3?tab=data&fromTime=2026-01-01&toTime=2026-01-01&reading_types=3
Allina Hastings MOB,1880 North Frontage Road,MN,55033,Medical office,50000.0,Monitored,Natural Gas,1706475,1706475,Outside,,,,Tenant,2026-01-01,2026-01-01,,,,Before Setup,2026-03-30,https://app.enertiv.com/app/properties/fbcd748f-5666-4ade-8a82-5188fbe7e2af/digitization/meters/01f14a86-46bd-432d-b6db-a2de0dc02646?tab=data&fromTime=2026-01-01&toTime=2026-01-01&reading_types=90
Allina Hastings MOB,1880 North Frontage Road,MN,55033,Medical office,50000.0,Monitored,Electricity,Main Breaker -  Meter 348247210,348247210,Electric Room 1006,,,,Tenant,2026-01-01,2026-01-01,,,,Before Setup,2026-03-20,https://app.enertiv.com/app/properties/fbcd748f-5666-4ade-8a82-5188fbe7e2af/digitization/meters/ebcf59d5-36d3-45c0-8bc8-d9040cf7060a?tab=data&fromTime=2026-01-01&toTime=2026-01-01&reading_types=3
Baxter MOB Crosby Cardiovascular Center,13205 Isle Drive,MN,56425,Medical office,21280.0,Utility Account,Natural Gas,Xcel Energy,5100102572133,,,,,Landlord,2025-12-05,2026-01-07,3138.41696,thm,3550.05,OK,,https://app.enertiv.com/app/portfolio/ecbca40a-713e-4433-ab97-3f3c16e1e359/utilities/bills?location=3f4dd70d-3d53-4dea-ad7e-9ce5171600f3&ub_fromTime=2025-12-05&ub_toTime=2026-01-07
Baxter MOB Crosby Cardiovascular Center,13205 Isle Drive,MN,56425,Medical office,21280.0,Utility Account,Electricity,Crow Wing Power,34982501,,,,,Landlord,2025-12-15,2026-01-15,26200.0,kWh,2657.0,OK,,https://app.enertiv.com/app/portfolio/ecbca40a-713e-4433-ab97-3f3c16e1e359/utilities/bills?location=3f4dd70d-3d53-4dea-ad7e-9ce5171600f3&ub_fromTime=2025-12-15&ub_toTime=2026-01-15
Boulder Lakes,2999 Ames Crossing Road,MN,55121,Warehouse,137169.0,Utility Account,Electricity,Xcel Energy,5100148254883,,,,,Landlord,2025-12-22,2026-01-25,17151.0,kWh,2351.62,OK,,https://app.enertiv.com/app/portfolio/ecbca40a-713e-4433-ab97-3f3c16e1e359/utilities/bills?location=052bbf17-cfe8-4048-9dbb-ef43dff95869&ub_fromTime=2025-12-22&ub_toTime=2026-01-25
Boulder Lakes,2999 Ames Crossing Road,MN,55121,Warehouse,137169.0,Utility Account,Electricity,Xcel Energy,5100154785366,,,,,Landlord,2025-12-22,2026-01-25,3895.0,kWh,477.51,OK,,https://app.enertiv.com/app/portfolio/ecbca40a-713e-4433-ab97-3f3c16e1e359/utilities/bills?location=052bbf17-cfe8-4048-9dbb-ef43dff95869&ub_fromTime=2025-12-22&ub_toTime=2026-01-25
Boulder Lakes,2999 Ames Crossing Road,MN,55121,Warehouse,137169.0,Utility Account,Natural Gas,Xcel Energy,5100148254883,,,,,Landlord,2025-12-23,2026-01-26,3572.0,thm,4237.580000000001,OK,,https://app.enertiv.com/app/portfolio/ecbca40a-713e-4433-ab97-3f3c16e1e359/utilities/bills?location=052bbf17-cfe8-4048-9dbb-ef43dff95869&ub_fromTime=2025-12-23&ub_toTime=2026-01-26
Boulder Lakes,2999 Ames Crossing Road,MN,55121,Warehouse,137169.0,Utility Account,Electricity,Xcel Energy,5100154785413,,,,,Landlord,2025-12-24,2026-01-26,17.0,kWh,52.56,OK,,https://app.enertiv.com/app/portfolio/ecbca40a-713e-4433-ab97-3f3c16e1e359/utilities/bills?location=052bbf17-cfe8-4048-9dbb-ef43dff95869&ub_fromTime=2025-12-24&ub_toTime=2026-01-26
Boulder Lakes,2999 Ames Crossing Road,MN,55121,Warehouse,137169.0,Monitored,Electricity,HOUSE,10263850,Outside,,,,Tenant,2026-01-01,2026-01-01,,,,Before Setup,2026-02-03,https://app.enertiv.com/app/properties/052bbf17-cfe8-4048-9dbb-ef43dff95869/digitization/meters/53bf6260-a47f-405c-a763-6abd7b42b420?tab=data&fromTime=2026-01-01&toTime=2026-01-01&reading_types=3
Boulder Lakes,2999 Ames Crossing Road,MN,55121,Warehouse,137169.0,Monitored,Natural Gas,Left Gas Meter,21016808,Suite 200,"Agiliti Health, Inc. ",31994.0,23%,Tenant,2026-01-01,2026-01-01,,,,Before Setup,2026-06-05,https://app.enertiv.com/app/properties/052bbf17-cfe8-4048-9dbb-ef43dff95869/digitization/meters/9309b7f5-ff8f-4a7b-adc3-57bcea1f1e34?tab=data&fromTime=2026-01-01&toTime=2026-01-01&reading_types=90
Boulder Lakes,2999 Ames Crossing Road,MN,55121,Warehouse,137169.0,Monitored,Natural Gas,Middle gas meter,21016699,Suite 100,"The First Impression Group, Inc. ",40500.0,30%,Tenant,2026-01-01,2026-01-01,,,,Before Setup,2026-06-05,https://app.enertiv.com/app/properties/052bbf17-cfe8-4048-9dbb-ef43dff95869/digitization/meters/c7152196-b08a-4d24-a15b-357245516523?tab=data&fromTime=2026-01-01&toTime=2026-01-01&reading_types=90
Boulder Lakes,2999 Ames Crossing Road,MN,55121,Warehouse,137169.0,Monitored,Natural Gas,Right gas meter,20875572,Suite 300,Winsted Company LLC,64675.0,47%,Tenant,2026-01-01,2026-01-01,,,,Before Setup,2026-06-05,https://app.enertiv.com/app/properties/052bbf17-cfe8-4048-9dbb-ef43dff95869/digitization/meters/ca2cbebf-d221-48ef-b97d-0c7126a9c98d?tab=data&fromTime=2026-01-01&toTime=2026-01-01&reading_types=90
Boulder Lakes,2999 Ames Crossing Road,MN,55121,Warehouse,137169.0,Monitored,Electricity,TENANT #100 H1,348 246 877,Suite 100,"The First Impression Group, Inc. ",40500.0,30%,Tenant,2026-01-01,2026-01-01,,,,Before Setup,2026-02-03,https://app.enertiv.com/app/properties/052bbf17-cfe8-4048-9dbb-ef43dff95869/digitization/meters/817475b5-1b77-47fe-9801-550360d781ec?tab=data&fromTime=2026-01-01&toTime=2026-01-01&reading_types=3
Boulder Lakes,2999 Ames Crossing Road,MN,55121,Warehouse,137169.0,Monitored,Electricity,TENANT #100 H2,348 246 879,Suite 100,"The First Impression Group, Inc. ",40500.0,30%,Tenant,2026-01-01,2026-01-01,,,,Before Setup,2026-02-03,https://app.enertiv.com/app/properties/052bbf17-cfe8-4048-9dbb-ef43dff95869/digitization/meters/2fcf6819-5dc6-449e-8bfe-d42682cbd44c?tab=data&fromTime=2026-01-01&toTime=2026-01-01&reading_types=3
Boulder Lakes,2999 Ames Crossing Road,MN,55121,Warehouse,137169.0,Monitored,Electricity,TENANT #100 H3,348 246 866,Suite 100,"The First Impression Group, Inc. ",40500.0,30%,Tenant,2026-01-01,2026-01-01,,,,Before Setup,2026-02-03,https://app.enertiv.com/app/properties/052bbf17-cfe8-4048-9dbb-ef43dff95869/digitization/meters/799131be-2e24-4a6d-90a1-fcbdca75054f?tab=data&fromTime=2026-01-01&toTime=2026-01-01&reading_types=3
Boulder Lakes,2999 Ames Crossing Road,MN,55121,Warehouse,137169.0,Monitored,Electricity,TENANT #100 H4,348 246 868,Suite 100,"The First Impression Group, Inc. ",40500.0,30%,Tenant,2026-01-01,2026-01-01,,,,Before Setup,2026-02-03,https://app.enertiv.com/app/properties/052bbf17-cfe8-4048-9dbb-ef43dff95869/digitization/meters/163e296f-d085-4b74-b5ae-3d2c8bd9b3fa?tab=data&fromTime=2026-01-01&toTime=2026-01-01&reading_types=3
Boulder Lakes,2999 Ames Crossing Road,MN,55121,Warehouse,137169.0,Monitored,Electricity,TENANT #300 HP1,348 246 957,Suite 300,Winsted Company LLC,64675.0,47%,Tenant,2026-01-01,2026-01-01,,,,Before Setup,2026-02-03,https://app.enertiv.com/app/properties/052bbf17-cfe8-4048-9dbb-ef43dff95869/digitization/meters/a2ae444b-7ed7-4a36-96bc-eb5217e57faa?tab=data&fromTime=2026-01-01&toTime=2026-01-01&reading_types=3
Boulder Lakes,2999 Ames Crossing Road,MN,55121,Warehouse,137169.0,Monitored,Electricity,TENANT #300 HP2,348 246 959,Suite 300,Winsted Company LLC,64675.0,47%,Tenant,2026-01-01,2026-01-01,,,,Before Setup,2026-02-03,https://app.enertiv.com/app/properties/052bbf17-cfe8-4048-9dbb-ef43dff95869/digitization/meters/7b754d41-d154-4a93-ab49-0ef35cbc2538?tab=data&fromTime=2026-01-01&toTime=2026-01-01&reading_types=3
Boulder Lakes,2999 Ames Crossing Road,MN,55121,Warehouse,137169.0,Monitored,Electricity,TENANT 200,348 297 879,Suite 200,"Agiliti Health, Inc. ",31994.0,23%,Tenant,2026-01-01,2026-01-01,,,,Before Setup,2026-02-03,https://app.enertiv.com/app/properties/052bbf17-cfe8-4048-9dbb-ef43dff95869/digitization/meters/23ef5b5e-af42-4dfe-a6f8-b7f8eba30993?tab=data&fromTime=2026-01-01&toTime=2026-01-01&reading_types=3
Boulder Lakes,2999 Ames Crossing Road,MN,55121,Warehouse,137169.0,Monitored,Electricity,Unit 100 Electric Meters,Unit 100 Electric Meters,Suite 100,"The First Impression Group, Inc. ",40500.0,30%,Tenant,2026-01-01,2026-01-01,,,,Before Setup,2026-02-03,https://app.enertiv.com/app/properties/052bbf17-cfe8-4048-9dbb-ef43dff95869/digitization/meters/19dcee7f-55d9-477a-aed9-5c86fce8fd61?tab=data&fromTime=2026-01-01&toTime=2026-01-01&reading_types=3
Boulder Lakes,2999 Ames Crossing Road,MN,55121,Warehouse,137169.0,Monitored,Electricity,Unit 300 Electric Meters,Unit 300 Electric Meters,Suite 300,Winsted Company LLC,64675.0,47%,Tenant,2026-01-01,2026-01-01,,,,Before Setup,2026-02-03,https://app.enertiv.com/app/properties/052bbf17-cfe8-4048-9dbb-ef43dff95869/digitization/meters/6b8cc605-dc5d-4d0d-89f6-22757c3dc55b?tab=data&fromTime=2026-01-01&toTime=2026-01-01&reading_types=3
"Exchange Street 1963, LLC",30 10th ST E,MN,55101,Mixed Use Property,109000.0,Utility Account,Electricity,Xcel Energy,5100125349152,,,,,Landlord,2025-12-23,2026-01-07,18702.0,kWh,2091.7499999999995,OK,,https://app.enertiv.com/app/portfolio/ecbca40a-713e-4433-ab97-3f3c16e1e359/utilities/bills?location=59881fd0-340e-4234-a5f2-a4e73298e068&ub_fromTime=2025-12-23&ub_toTime=2026-01-07
"Exchange Street 1963, LLC",30 10th ST E,MN,55101,Mixed Use Property,109000.0,Utility Account,Water,Saint Paul Regional Water Authority,0424214,,,,,Landlord,2025-12-24,2026-01-09,1.0,ccf,238.81,OK,,https://app.enertiv.com/app/portfolio/ecbca40a-713e-4433-ab97-3f3c16e1e359/utilities/bills?location=59881fd0-340e-4234-a5f2-a4e73298e068&ub_fromTime=2025-12-24&ub_toTime=2026-01-09
"Exchange Street 1963, LLC",30 10th ST E,MN,55101,Mixed Use Property,109000.0,Utility Account,Natural Gas,Xcel Energy,5100125349152,,,,,Landlord,2025-12-25,2026-01-07,1.0,thm,117.83999999999978,OK,,https://app.enertiv.com/app/portfolio/ecbca40a-713e-4433-ab97-3f3c16e1e359/utilities/bills?location=59881fd0-340e-4234-a5f2-a4e73298e068&ub_fromTime=2025-12-25&ub_toTime=2026-01-07
"Exchange Street 1963, LLC",30 10th ST E,MN,55101,Mixed Use Property,109000.0,Utility Account,Natural Gas,Xcel Energy,5100125349152,,,,,Landlord,2025-12-25,2026-01-07,0.0,thm,28.03,OK,,https://app.enertiv.com/app/portfolio/ecbca40a-713e-4433-ab97-3f3c16e1e359/utilities/bills?location=59881fd0-340e-4234-a5f2-a4e73298e068&ub_fromTime=2025-12-25&ub_toTime=2026-01-07
Fairview Lakes MOB 1,5160 Fairview Blvd,MN,55092,Medical office,14471.0,Utility Account,Water,"City of Wyoming, Minnesota",2513,,,,,Landlord,2025-10-01,2026-01-02,33582.00000000001,gal,811.42,OK,,https://app.enertiv.com/app/portfolio/ecbca40a-713e-4433-ab97-3f3c16e1e359/utilities/bills?location=470e76ab-b506-453c-a6d8-a57a29802914&ub_fromTime=2025-10-01&ub_toTime=2026-01-02
Fairview Lakes MOB 1,5160 Fairview Blvd,MN,55092,Medical office,14471.0,Utility Account,Electricity,Xcel Energy,5146400237,,,,,Landlord,2025-12-03,2026-01-05,30900.0,kWh,3123.96,OK,,https://app.enertiv.com/app/portfolio/ecbca40a-713e-4433-ab97-3f3c16e1e359/utilities/bills?location=470e76ab-b506-453c-a6d8-a57a29802914&ub_fromTime=2025-12-03&ub_toTime=2026-01-05
Fairview Lakes MOB 1,5160 Fairview Blvd,MN,55092,Medical office,14471.0,Monitored,Natural Gas,Gas Meter,1226915,Outside,,,,Tenant,2026-01-01,2026-01-01,,,,Before Setup,2026-06-12,https://app.enertiv.com/app/properties/470e76ab-b506-453c-a6d8-a57a29802914/digitization/meters/12fa701a-161b-4bad-a508-eac090c01b35?tab=data&fromTime=2026-01-01&toTime=2026-01-01&reading_types=90
Fairview Lakes MOB 1,5160 Fairview Blvd,MN,55092,Medical office,14471.0,Monitored,Electricity,TEI352544948 - Xcel Energy,TEI352544948,Electrical Rm,,,,Tenant,2026-01-01,2026-01-01,,,,Before Setup,2026-04-06,https://app.enertiv.com/app/properties/470e76ab-b506-453c-a6d8-a57a29802914/digitization/meters/ee75616b-e354-47f6-b9bb-576c50766a49?tab=data&fromTime=2026-01-01&toTime=2026-01-01&reading_types=3
Fairview Lakes MOB 1,5160 Fairview Blvd,MN,55092,Medical office,14471.0,Monitored,Electricity,TEI352545340 - Xcel Energy,TEI352545340,Electrical Rm,,,,Tenant,2026-01-01,2026-01-01,,,,Before Setup,2026-04-06,https://app.enertiv.com/app/properties/470e76ab-b506-453c-a6d8-a57a29802914/digitization/meters/3368f920-d089-4dba-aef6-08c4a4f7daba?tab=data&fromTime=2026-01-01&toTime=2026-01-01&reading_types=3
Fairview Lakes MOB 1,5160 Fairview Blvd,MN,55092,Medical office,14471.0,Monitored,Electricity,ZLI348261155 - Xcel Energy,ZLI348261155,Electrical Rm,,,,Tenant,2026-01-01,2026-01-01,,,,Before Setup,2026-04-06,https://app.enertiv.com/app/properties/470e76ab-b506-453c-a6d8-a57a29802914/digitization/meters/46a9bf40-c0bd-4e70-8180-1ab2d29c2df6?tab=data&fromTime=2026-01-01&toTime=2026-01-01&reading_types=3
Fairview Lakes MOB 2,5130 Fairview Blvd,MN,55092,Medical office,21028.0,Utility Account,Water,"City of Wyoming, Minnesota",2490,,,,,Landlord,2025-10-01,2026-01-02,26496.000000000004,gal,688.37,OK,,https://app.enertiv.com/app/portfolio/ecbca40a-713e-4433-ab97-3f3c16e1e359/utilities/bills?location=1536ab49-7051-480b-907c-2e1c9cb8b934&ub_fromTime=2025-10-01&ub_toTime=2026-01-02
Fairview Lakes MOB 2,5130 Fairview Blvd,MN,55092,Medical office,21028.0,Utility Account,Electricity,Xcel Energy,5146400237,,,,,Landlord,2025-12-03,2026-01-05,21621.0,kWh,2184.53,OK,,https://app.enertiv.com/app/portfolio/ecbca40a-713e-4433-ab97-3f3c16e1e359/utilities/bills?location=1536ab49-7051-480b-907c-2e1c9cb8b934&ub_fromTime=2025-12-03&ub_toTime=2026-01-05
Fairview Lakes MOB 2,5130 Fairview Blvd,MN,55092,Medical office,21028.0,Utility Account,Natural Gas,Xcel Energy,5146400237,,,,,Landlord,2025-12-04,2026-01-06,741.0,thm,847.92,OK,,https://app.enertiv.com/app/portfolio/ecbca40a-713e-4433-ab97-3f3c16e1e359/utilities/bills?location=1536ab49-7051-480b-907c-2e1c9cb8b934&ub_fromTime=2025-12-04&ub_toTime=2026-01-06
Fairview Lakes MOB 2,5130 Fairview Blvd,MN,55092,Medical office,21028.0,Monitored,Electricity,Meter 1 H-SC-1,348261153,Outside,,,,Tenant,2026-01-01,2026-01-01,,,,Before Setup,2026-04-06,https://app.enertiv.com/app/properties/1536ab49-7051-480b-907c-2e1c9cb8b934/digitization/meters/dabd1325-1b29-4780-8d9e-5212e0626b20?tab=data&fromTime=2026-01-01&toTime=2026-01-01&reading_types=3
Fairview Lakes MOB 2,5130 Fairview Blvd,MN,55092,Medical office,21028.0,Monitored,Electricity,Meter 2 H-FL-1,348285483,Outside,,,,Tenant,2026-01-01,2026-01-01,,,,Before Setup,2026-04-06,https://app.enertiv.com/app/properties/1536ab49-7051-480b-907c-2e1c9cb8b934/digitization/meters/0b485eb4-b8c6-481a-98d6-e28068de72e8?tab=data&fromTime=2026-01-01&toTime=2026-01-01&reading_types=3
Fairview Lakes MOB 2,5130 Fairview Blvd,MN,55092,Medical office,21028.0,Monitored,Electricity,Meter 3 HP-2,348285485,Outside,,,,Tenant,2026-01-01,2026-01-01,,,,Before Setup,2026-04-06,https://app.enertiv.com/app/properties/1536ab49-7051-480b-907c-2e1c9cb8b934/digitization/meters/4a93715a-867b-40b1-bdce-46dfdbbcfc39?tab=data&fromTime=2026-01-01&toTime=2026-01-01&reading_types=3
Granger Industrial #1,2323 South 3600 West,UT,84119,Warehouse,104600.0,Monitored,Electricity,House Panel Meter,348 204 539,Outside,,,,Tenant,2026-01-01,2026-01-01,,,,Before Setup,2026-03-25,https://app.enertiv.com/app/properties/8cb2122e-9c10-4c18-b531-c6c71805a84d/digitization/meters/2ea8f208-0509-4a3d-a910-3b90a210bed6?tab=data&fromTime=2026-01-01&toTime=2026-01-01&reading_types=3
Granger Industrial #1,2323 South 3600 West,UT,84119,Warehouse,104600.0,Monitored,Electricity,Main electric meter,349 238 932,Outside,,,,Tenant,2026-01-01,2026-01-01,,,,Before Setup,2026-03-25,https://app.enertiv.com/app/properties/8cb2122e-9c10-4c18-b531-c6c71805a84d/digitization/meters/4101456b-231f-4f98-9a46-b1b22019e430?tab=data&fromTime=2026-01-01&toTime=2026-01-01&reading_types=3
Granger Industrial #1,2323 South 3600 West,UT,84119,Warehouse,104600.0,Monitored,Electricity,Unit A,348 204 540,Outside,,,,Tenant,2026-01-01,2026-01-01,,,,Before Setup,2026-03-25,https://app.enertiv.com/app/properties/8cb2122e-9c10-4c18-b531-c6c71805a84d/digitization/meters/45117869-ff71-46a1-8e2e-765cbe61b55a?tab=data&fromTime=2026-01-01&toTime=2026-01-01&reading_types=3
Granger Industrial #1,2323 South 3600 West,UT,84119,Warehouse,104600.0,Monitored,Electricity,Unit C,349 242 024,Outside,,,,Tenant,2026-01-01,2026-01-01,,,,Before Setup,2026-03-25,https://app.enertiv.com/app/properties/8cb2122e-9c10-4c18-b531-c6c71805a84d/digitization/meters/3d3a2361-4ad4-4240-8be2-486aad9d3db8?tab=data&fromTime=2026-01-01&toTime=2026-01-01&reading_types=3
Granger Industrial #1,2323 South 3600 West,UT,84119,Warehouse,104600.0,Monitored,Electricity,Unit D,349 242 025,Outside,,,,Tenant,2026-01-01,2026-01-01,,,,Before Setup,2026-03-25,https://app.enertiv.com/app/properties/8cb2122e-9c10-4c18-b531-c6c71805a84d/digitization/meters/01d4f038-269f-41d0-b920-964576684298?tab=data&fromTime=2026-01-01&toTime=2026-01-01&reading_types=3
Granger Industrial #1,2323 South 3600 West,UT,84119,Warehouse,104600.0,Monitored,Electricity,Unit E,349 242 023,Outside,,,,Tenant,2026-01-01,2026-01-01,,,,Before Setup,2026-03-25,https://app.enertiv.com/app/properties/8cb2122e-9c10-4c18-b531-c6c71805a84d/digitization/meters/a5b7ee4d-3f7e-4851-bded-fad096ddc412?tab=data&fromTime=2026-01-01&toTime=2026-01-01&reading_types=3
Granger Industrial #1,2323 South 3600 West,UT,84119,Warehouse,104600.0,Monitored,Electricity,Unit F,349 242 022,Outside,,,,Tenant,2026-01-01,2026-01-01,,,,Before Setup,2026-03-25,https://app.enertiv.com/app/properties/8cb2122e-9c10-4c18-b531-c6c71805a84d/digitization/meters/268820d1-07f6-4eb9-87fc-979565d373bf?tab=data&fromTime=2026-01-01&toTime=2026-01-01&reading_types=3
Granger Industrial #2,3498 West 2400 South,UT,84119,Warehouse,,Monitored,Electricity,Electric meter 1,348 202 858,1000,Biovation Labs,55762.0,,Tenant,2026-01-01,2026-01-01,,,,Before Setup,2026-03-25,https://app.enertiv.com/app/properties/3f2ef07b-4ced-468f-b770-2506244a1dde/digitization/meters/0dd46ee2-95a9-4244-b945-244d30b683ba?tab=data&fromTime=2026-01-01&toTime=2026-01-01&reading_types=3
Granger Industrial #2,3498 West 2400 South,UT,84119,Warehouse,,Monitored,Electricity,Electric meter 2,349 241 976,1000,Biovation Labs,55762.0,,Tenant,2026-01-01,2026-01-01,,,,Before Setup,2026-03-25,https://app.enertiv.com/app/properties/3f2ef07b-4ced-468f-b770-2506244a1dde/digitization/meters/0b5d28c1-858d-45f8-aba3-3ecab8b8e88e?tab=data&fromTime=2026-01-01&toTime=2026-01-01&reading_types=3
Granger Industrial #2,3498 West 2400 South,UT,84119,Warehouse,,Monitored,Electricity,Electric meter 3,348 202 857,1050,Integra Lifesciences Corporation,48134.0,,Tenant,2026-01-01,2026-01-01,,,,Before Setup,2026-03-25,https://app.enertiv.com/app/properties/3f2ef07b-4ced-468f-b770-2506244a1dde/digitization/meters/d3abd807-5b23-4007-855c-abe51da5b539?tab=data&fromTime=2026-01-01&toTime=2026-01-01&reading_types=3
Granger Industrial #2,3498 West 2400 South,UT,84119,Warehouse,,Monitored,Electricity,Electric meter 4,349 241 977,1050,Integra Lifesciences Corporation,48134.0,,Tenant,2026-01-01,2026-01-01,,,,Before Setup,2026-03-25,https://app.enertiv.com/app/properties/3f2ef07b-4ced-468f-b770-2506244a1dde/digitization/meters/5280b209-fadd-470c-a19c-c0baf330c4d0?tab=data&fromTime=2026-01-01&toTime=2026-01-01&reading_types=3
Granger Industrial #3,3595 Technology Drive,UT,84119,Warehouse,,Monitored,Electricity,Aggregate Electric Meter,Aggregate Electric Meter,443,"Cardinal Health 200, LLC",173182.0,,Tenant,2026-01-01,2026-01-01,,,,Before Setup,2026-05-21,https://app.enertiv.com/app/properties/3c12f8a0-be33-463c-82dc-10c8a1d0f573/digitization/meters/0efe5279-f483-47b5-a7e1-7590c0ad4a42?tab=data&fromTime=2026-01-01&toTime=2026-01-01&reading_types=3
Granger Industrial #3,3595 Technology Drive,UT,84119,Warehouse,,Monitored,Electricity,Power meter 1,349 236 637,Outside,,,,Tenant,2026-01-01,2026-01-01,,,,Before Setup,2026-05-28,https://app.enertiv.com/app/properties/3c12f8a0-be33-463c-82dc-10c8a1d0f573/digitization/meters/7ffcc337-5b53-48fb-9166-a0b77b26c498?tab=data&fromTime=2026-01-01&toTime=2026-01-01&reading_types=3
Granger Industrial #3,3595 Technology Drive,UT,84119,Warehouse,,Monitored,Electricity,Power meter 2,349 237 583,Outside,,,,Tenant,2026-01-01,2026-01-01,,,,Before Setup,2026-05-21,https://app.enertiv.com/app/properties/3c12f8a0-be33-463c-82dc-10c8a1d0f573/digitization/meters/c85c9701-e067-4dee-aac4-bcb573d93977?tab=data&fromTime=2026-01-01&toTime=2026-01-01&reading_types=3
Granger Industrial #4,2415 - 2435 West Custer Road,UT,84104,Warehouse,,Monitored,Electricity,348 220 669,348 220 669,Outside,,,,Tenant,2026-01-01,2026-01-01,,,,Before Setup,2026-03-17,https://app.enertiv.com/app/properties/88f35197-a60b-4c55-88ef-2ecbd9b71759/digitization/meters/24cb4ea6-e13a-426c-a25e-c492d7dc4974?tab=data&fromTime=2026-01-01&toTime=2026-01-01&reading_types=3
Granger Industrial #4,2415 - 2435 West Custer Road,UT,84104,Warehouse,,Monitored,Electricity,348 220 671,348 220 671,Outside,,,,Tenant,2026-01-01,2026-01-01,,,,Before Setup,2026-03-17,https://app.enertiv.com/app/properties/88f35197-a60b-4c55-88ef-2ecbd9b71759/digitization/meters/2431df79-d8a0-4b71-bb37-c256407383ef?tab=data&fromTime=2026-01-01&toTime=2026-01-01&reading_types=3
Granger Industrial #5,2555 - 2595 West Custer Road,UT,84104,Warehouse,,Monitored,Electricity,"AcuRev 2100-EHM55110091:1,3,5",,Outside,,,,Tenant,2026-01-01,2026-01-01,,,,Before Setup,2026-03-11,https://app.enertiv.com/app/properties/b8ad7b8c-be1c-4d61-ab92-94f2348f5738/digitization/meters/78dc8352-9f8f-4473-a370-c6edd327b0e4?tab=data&fromTime=2026-01-01&toTime=2026-01-01&reading_types=3
Granger Industrial #5,2555 - 2595 West Custer Road,UT,84104,Warehouse,,Monitored,Electricity,"AcuRev 2100-EHM55110091:13,15,17",,Outside,,,,Tenant,2026-01-01,2026-01-01,,,,Before Setup,2026-03-11,https://app.enertiv.com/app/properties/b8ad7b8c-be1c-4d61-ab92-94f2348f5738/digitization/meters/d175f4f4-1574-46a7-af01-8de579081080?tab=data&fromTime=2026-01-01&toTime=2026-01-01&reading_types=3
Granger Industrial #5,2555 - 2595 West Custer Road,UT,84104,Warehouse,,Monitored,Electricity,"AcuRev 2100-EHM55110091:19,21,23",,Outside,,,,Tenant,2026-01-01,2026-01-01,,,,Before Setup,2026-03-11,https://app.enertiv.com/app/properties/b8ad7b8c-be1c-4d61-ab92-94f2348f5738/digitization/meters/021f7e6a-1b80-4299-91e0-e76c90353b5c?tab=data&fromTime=2026-01-01&toTime=2026-01-01&reading_types=3
Granger Industrial #5,2555 - 2595 West Custer Road,UT,84104,Warehouse,,Monitored,Electricity,"AcuRev 2100-EHM55110091:7,9,11",,Outside,,,,Tenant,2026-01-01,2026-01-01,,,,Before Setup,2026-03-11,https://app.enertiv.com/app/properties/b8ad7b8c-be1c-4d61-ab92-94f2348f5738/digitization/meters/fa98d0b4-c9c3-4990-9cbb-df9642f32253?tab=data&fromTime=2026-01-01&toTime=2026-01-01&reading_types=3
Granger Industrial #6,2525 West 1700 South,UT,84104,Warehouse,,Monitored,Electricity,2525 W. 1700 S. #1,348 220 634,Outside,,,,Tenant,2026-01-01,2026-01-01,,,,Before Setup,2026-03-13,https://app.enertiv.com/app/properties/f78f88e0-7f2a-44bf-9e4a-6ccab52c3968/digitization/meters/70c87759-8d78-4299-b29b-63be1555afa1?tab=data&fromTime=2026-01-01&toTime=2026-01-01&reading_types=3
Granger Industrial #6,2525 West 1700 South,UT,84104,Warehouse,,Monitored,Electricity,2525 W. 1700 S. #2,82 040 112,Outside,,,,Tenant,2026-01-01,2026-01-01,,,,Before Setup,2026-03-13,https://app.enertiv.com/app/properties/f78f88e0-7f2a-44bf-9e4a-6ccab52c3968/digitization/meters/987dafb0-ec48-4935-b12b-4e8f0b88c8ce?tab=data&fromTime=2026-01-01&toTime=2026-01-01&reading_types=3
Granger Industrial #7,1765 Fremont Drive,UT,84104,Warehouse,,Monitored,Electricity,Main power meter,348 220 673,1440,Amerisourcebergen Drug Corporation,59350.0,,Tenant,2026-01-01,2026-01-01,,,,Before Setup,2026-04-06,https://app.enertiv.com/app/properties/f9d201bf-1398-4909-9966-9c0eab4ec67c/digitization/meters/5a01b51d-ad9f-4f9a-996c-c40b9d8d3760?tab=data&fromTime=2026-01-01&toTime=2026-01-01&reading_types=3
Granger Industrial #8,1855 Fremont Drive,UT,84104,Warehouse,,Monitored,Electricity,Power meter #1,349 238 446,Outside,,,,Tenant,2026-01-01,2026-01-01,,,,Before Setup,2026-03-13,https://app.enertiv.com/app/properties/d8c43c9e-efc6-4366-8c00-f293f5727a37/digitization/meters/b44e28e5-ba24-4214-9c6b-c022b1f4186a?tab=data&fromTime=2026-01-01&toTime=2026-01-01&reading_types=3
Granger Industrial #8,1855 Fremont Drive,UT,84104,Warehouse,,Monitored,Electricity,Power meter #2,349 238 447,Outside,,,,Tenant,2026-01-01,2026-01-01,,,,Before Setup,2026-03-13,https://app.enertiv.com/app/properties/d8c43c9e-efc6-4366-8c00-f293f5727a37/digitization/meters/8c1b08d1-b410-43b5-9893-308e9137bf00?tab=data&fromTime=2026-01-01&toTime=2026-01-01&reading_types=3
Granger Industrial #8,1855 Fremont Drive,UT,84104,Warehouse,,Monitored,Electricity,Power meter #3,349 238 449,Outside,,,,Tenant,2026-01-01,2026-01-01,,,,Before Setup,2026-03-13,https://app.enertiv.com/app/properties/d8c43c9e-efc6-4366-8c00-f293f5727a37/digitization/meters/5fca2a3f-b5af-47f1-9795-6668fa53e10e?tab=data&fromTime=2026-01-01&toTime=2026-01-01&reading_types=3
Granger Industrial #8,1855 Fremont Drive,UT,84104,Warehouse,,Monitored,Electricity,Power meter #4,349 238 448,Outside,,,,Tenant,2026-01-01,2026-01-01,,,,Before Setup,2026-03-13,https://app.enertiv.com/app/properties/d8c43c9e-efc6-4366-8c00-f293f5727a37/digitization/meters/861c0173-51e8-456d-b97d-bfe4662e08e8?tab=data&fromTime=2026-01-01&toTime=2026-01-01&reading_types=3
Granger Industrial #9,2534 West Bridger Road,UT,84104,Warehouse,52731.0,Monitored,Electricity,2520 A,349 238 488,2520,Multalloy LLC,52731.0,100%,Tenant,2026-01-01,2026-01-01,,,,Before Setup,2026-03-12,https://app.enertiv.com/app/properties/c9d4aa59-8011-410d-bee9-b292301e9f33/digitization/meters/947cbb32-76b2-4d8c-ac6e-6c2f6a6e12fe?tab=data&fromTime=2026-01-01&toTime=2026-01-01&reading_types=3
Granger Industrial #9,2534 West Bridger Road,UT,84104,Warehouse,52731.0,Monitored,Electricity,2520 B,349 238 486,2520,Multalloy LLC,52731.0,100%,Tenant,2026-01-01,2026-01-01,,,,Before Setup,2026-03-12,https://app.enertiv.com/app/properties/c9d4aa59-8011-410d-bee9-b292301e9f33/digitization/meters/e34125b6-0606-4c47-896d-8fc3509612da?tab=data&fromTime=2026-01-01&toTime=2026-01-01&reading_types=3
Granger Industrial #9,2534 West Bridger Road,UT,84104,Warehouse,52731.0,Monitored,Electricity,2534,349 238 487,2520,Multalloy LLC,52731.0,100%,Tenant,2026-01-01,2026-01-01,,,,Before Setup,2026-03-12,https://app.enertiv.com/app/properties/c9d4aa59-8011-410d-bee9-b292301e9f33/digitization/meters/47d4bd31-1871-4465-af12-a5b5e6e0dc93?tab=data&fromTime=2026-01-01&toTime=2026-01-01&reading_types=3
Hennepin Business Center A,1007-1049 10th Ave SE,MN,55414,Warehouse,96040.0,Utility Account,Electricity,Xcel Energy,5100129570966,,,,,Landlord,2025-12-09,2026-01-11,2697.0,kWh,440.74000000000007,OK,,https://app.enertiv.com/app/portfolio/ecbca40a-713e-4433-ab97-3f3c16e1e359/utilities/bills?location=c3a978a2-753d-4167-b3e7-ffc8b4f4f897&ub_fromTime=2025-12-09&ub_toTime=2026-01-11
Hennepin Business Center A,1007-1049 10th Ave SE,MN,55414,Warehouse,96040.0,Utility Account,Electricity,Xcel Energy,5100138078253,,,,,Landlord,2025-12-09,2026-01-11,77183.0,kWh,10851.569999999994,OK,,https://app.enertiv.com/app/portfolio/ecbca40a-713e-4433-ab97-3f3c16e1e359/utilities/bills?location=c3a978a2-753d-4167-b3e7-ffc8b4f4f897&ub_fromTime=2025-12-09&ub_toTime=2026-01-11
Hennepin Business Center B,950-982 E Hennepin Ave,MN,55414,Warehouse,44023.0,Utility Account,Electricity,Xcel Energy,5100129570966,,,,,Landlord,2025-12-09,2026-01-11,3133.0,kWh,520.51,OK,,https://app.enertiv.com/app/portfolio/ecbca40a-713e-4433-ab97-3f3c16e1e359/utilities/bills?location=bebe1693-5ef3-47a9-bd73-f7d376244bc1&ub_fromTime=2025-12-09&ub_toTime=2026-01-11
Hennepin Business Center B,950-982 E Hennepin Ave,MN,55414,Warehouse,44023.0,Utility Account,Electricity,Xcel Energy,5100138084524,,,,,Landlord,2025-12-09,2026-01-11,6800.0,kWh,919.2700000000001,OK,,https://app.enertiv.com/app/portfolio/ecbca40a-713e-4433-ab97-3f3c16e1e359/utilities/bills?location=bebe1693-5ef3-47a9-bd73-f7d376244bc1&ub_fromTime=2025-12-09&ub_toTime=2026-01-11
Highpoint Building #1,6225 N. Denali Street,CO,80019,Distribution Center,541840.0,Monitored,Electricity,East exterior meter 1 (360 470 848),360 470 848,East side exterior,,,,Tenant,2026-01-01,2026-01-01,,,,Before Setup,2026-03-01,https://app.enertiv.com/app/properties/8e585dee-9dc1-4e28-b357-6f25f08f4d6d/digitization/meters/bc53209b-ed22-4c41-b8f1-bfafadcdb70d?tab=data&fromTime=2026-01-01&toTime=2026-01-01&reading_types=3
Highpoint Building #1,6225 N. Denali Street,CO,80019,Distribution Center,541840.0,Monitored,Electricity,East exterior meter 2 (359 267 177),359 267 177,200,Dematic Corp.,167501.0,31%,Tenant,2026-01-01,2026-01-01,,,,Before Setup,2026-03-01,https://app.enertiv.com/app/properties/8e585dee-9dc1-4e28-b357-6f25f08f4d6d/digitization/meters/7b2fcadc-6b64-4fc6-a562-bf8036b866aa?tab=data&fromTime=2026-01-01&toTime=2026-01-01&reading_types=3
Highpoint Building #1,6225 N. Denali Street,CO,80019,Distribution Center,541840.0,Monitored,Electricity,Power Meter (352 333 518),352 333 518,150,"PrimeSource Building Products, Inc.",170294.0,31%,Tenant,2026-01-01,2026-01-01,,,,Before Setup,2026-07-24,https://app.enertiv.com/app/properties/8e585dee-9dc1-4e28-b357-6f25f08f4d6d/digitization/meters/dbda8f95-d082-40a4-9847-fd0eecef1943?tab=data&fromTime=2026-01-01&toTime=2026-01-01&reading_types=3
Highpoint Building #1,6225 N. Denali Street,CO,80019,Distribution Center,541840.0,Monitored,Electricity,West exterior (348 258 577),348 258 577,West side exterior,,,,Tenant,2026-01-01,2026-01-01,,,,Before Setup,2026-07-24,https://app.enertiv.com/app/properties/8e585dee-9dc1-4e28-b357-6f25f08f4d6d/digitization/meters/45996caf-38cb-413b-ace4-98972deba2f2?tab=data&fromTime=2026-01-01&toTime=2026-01-01&reading_types=3
Inverpoint Building #2,8360 Courthouse Blvd,MN,55077,Distribution Center,96406.0,Monitored,Electricity,Dairy Conveyor,93 958 029,Suite 150,Dairy Conveyor Corp,24000.0,25%,Tenant,2026-01-01,2026-01-01,,,,Before Setup,2026-03-09,https://app.enertiv.com/app/properties/c068525d-b4d8-47ee-b2c2-c085a15a2599/digitization/meters/7cdad355-a7a3-4626-b161-2f478993014a?tab=data&fromTime=2026-01-01&toTime=2026-01-01&reading_types=3
Inverpoint Building #2,8360 Courthouse Blvd,MN,55077,Distribution Center,96406.0,Monitored,Natural Gas,Gas Meter #1,20917147,Suite 100,"Gunnar Electric, Inc. ",24055.0,25%,Tenant,2026-01-01,2026-01-01,,,,Before Setup,2026-07-07,https://app.enertiv.com/app/properties/c068525d-b4d8-47ee-b2c2-c085a15a2599/digitization/meters/bfbfc7ae-165e-47e8-a93c-00857b6c1661?tab=data&fromTime=2026-01-01&toTime=2026-01-01&reading_types=90
Inverpoint Building #2,8360 Courthouse Blvd,MN,55077,Distribution Center,96406.0,Monitored,Natural Gas,Gas Meter #2,20917159,Suite 200,"Jomar Qsub, Inc. (dba New Life Tra ",48351.0,50%,Tenant,2026-01-01,2026-01-01,,,,Before Setup,2026-07-07,https://app.enertiv.com/app/properties/c068525d-b4d8-47ee-b2c2-c085a15a2599/digitization/meters/741a9da0-7bf2-492e-8fc9-397706c95c32?tab=data&fromTime=2026-01-01&toTime=2026-01-01&reading_types=90
Inverpoint Building #2,8360 Courthouse Blvd,MN,55077,Distribution Center,96406.0,Monitored,Natural Gas,Gas Meter #3,20946127,Suite 150,Dairy Conveyor Corp,24000.0,25%,Tenant,2026-01-01,2026-01-01,,,,Before Setup,2026-07-07,https://app.enertiv.com/app/properties/c068525d-b4d8-47ee-b2c2-c085a15a2599/digitization/meters/e37530a8-81a3-444c-bb2d-d370c4ae4c9b?tab=data&fromTime=2026-01-01&toTime=2026-01-01&reading_types=90
Inverpoint Building #2,8360 Courthouse Blvd,MN,55077,Distribution Center,96406.0,Monitored,Electricity,HOUSE,92 121 504,Main Electrical Rm,,,,Tenant,2026-01-01,2026-01-01,,,,Before Setup,2026-03-09,https://app.enertiv.com/app/properties/c068525d-b4d8-47ee-b2c2-c085a15a2599/digitization/meters/b192513d-cc83-4d5f-8d72-792826e909f2?tab=data&fromTime=2026-01-01&toTime=2026-01-01&reading_types=3
Inverpoint Building #2,8360 Courthouse Blvd,MN,55077,Distribution Center,96406.0,Monitored,Electricity,New Life Transport,92 122 491,Suite 200,"Jomar Qsub, Inc. (dba New Life Tra ",48351.0,50%,Tenant,2026-01-01,2026-01-01,,,,Before Setup,2026-03-09,https://app.enertiv.com/app/properties/c068525d-b4d8-47ee-b2c2-c085a15a2599/digitization/meters/86287a7d-8481-43e8-9f55-14aa4dad3aea?tab=data&fromTime=2026-01-01&toTime=2026-01-01&reading_types=3
Inverpoint Building #2,8360 Courthouse Blvd,MN,55077,Distribution Center,96406.0,Monitored,Electricity,Suite 100,92 121 926,Suite 100,"Gunnar Electric, Inc. ",24055.0,25%,Tenant,2026-01-01,2026-01-01,,,,Before Setup,2026-03-09,https://app.enertiv.com/app/properties/c068525d-b4d8-47ee-b2c2-c085a15a2599/digitization/meters/efed9561-d3f5-4a8d-aa58-585ff45850cb?tab=data&fromTime=2026-01-01&toTime=2026-01-01&reading_types=3
Inverpoint Building #4,8210 Courthouse Blvd,MN,55077,Distribution Center,129344.0,Utility Account,Natural Gas,Xcel Energy,5100148434836,,,,,Landlord,2025-12-23,2026-01-23,0.0,thm,35.68,OK,,https://app.enertiv.com/app/portfolio/ecbca40a-713e-4433-ab97-3f3c16e1e359/utilities/bills?location=1d905d31-a055-4d49-b89d-85588be71b88&ub_fromTime=2025-12-23&ub_toTime=2026-01-23
Inverpoint Building #4,8210 Courthouse Blvd,MN,55077,Distribution Center,129344.0,Utility Account,Natural Gas,Xcel Energy,5100156052706,,,,,Landlord,2025-12-23,2026-01-26,793.0,thm,957.98,OK,,https://app.enertiv.com/app/portfolio/ecbca40a-713e-4433-ab97-3f3c16e1e359/utilities/bills?location=1d905d31-a055-4d49-b89d-85588be71b88&ub_fromTime=2025-12-23&ub_toTime=2026-01-26
Inverpoint Building #4,8210 Courthouse Blvd,MN,55077,Distribution Center,129344.0,Monitored,Electricity,Associated Solutions,93 957 780,Suite 100,Associated Material Handling Indu,37800.0,29%,Tenant,2026-01-01,2026-01-01,,,,Before Setup,2026-03-17,https://app.enertiv.com/app/properties/1d905d31-a055-4d49-b89d-85588be71b88/digitization/meters/a67fcb69-827b-48d0-84d3-51d9642c002b?tab=data&fromTime=2026-01-01&toTime=2026-01-01&reading_types=3
Inverpoint Building #4,8210 Courthouse Blvd,MN,55077,Distribution Center,129344.0,Monitored,Electricity,Black Box,93 117 861,Suite 200,"Norstan Communication, Inc. ",64450.0,50%,Tenant,2026-01-01,2026-01-01,,,,Before Setup,2026-03-17,https://app.enertiv.com/app/properties/1d905d31-a055-4d49-b89d-85588be71b88/digitization/meters/f00715ab-25e6-44dd-b3b4-b253056e436a?tab=data&fromTime=2026-01-01&toTime=2026-01-01&reading_types=3
Inverpoint Building #4,8210 Courthouse Blvd,MN,55077,Distribution Center,129344.0,Monitored,Electricity,FORTNA,92 122 807,Suite 150,FORTNA INC.,27094.0,21%,Tenant,2026-01-01,2026-01-01,,,,Before Setup,2026-03-17,https://app.enertiv.com/app/properties/1d905d31-a055-4d49-b89d-85588be71b88/digitization/meters/7accf91c-7b1a-41cb-8402-093ec8c8be92?tab=data&fromTime=2026-01-01&toTime=2026-01-01&reading_types=3
Inverpoint Building #4,8210 Courthouse Blvd,MN,55077,Distribution Center,129344.0,Monitored,Natural Gas,Gas Meter #1,21013198,Suite 100,Associated Material Handling Indu,37800.0,29%,Tenant,2026-01-01,2026-01-01,,,,Before Setup,2026-06-08,https://app.enertiv.com/app/properties/1d905d31-a055-4d49-b89d-85588be71b88/digitization/meters/8a18d3e6-a6d0-4ace-95ee-ba9d2faa6cbc?tab=data&fromTime=2026-01-01&toTime=2026-01-01&reading_types=90
Inverpoint Building #4,8210 Courthouse Blvd,MN,55077,Distribution Center,129344.0,Monitored,Natural Gas,Gas Meter #2,2318792,Suite 150,FORTNA INC.,27094.0,21%,Tenant,2026-01-01,2026-01-01,,,,Before Setup,2026-06-04,https://app.enertiv.com/app/properties/1d905d31-a055-4d49-b89d-85588be71b88/digitization/meters/1ef3ce76-523c-43b0-92f7-bfbbc2997545?tab=data&fromTime=2026-01-01&toTime=2026-01-01&reading_types=90
Inverpoint Building #4,8210 Courthouse Blvd,MN,55077,Distribution Center,129344.0,Monitored,Natural Gas,Gas Meter #3,2319793,Suite 200,"Norstan Communication, Inc. ",64450.0,50%,Tenant,2026-01-01,2026-01-01,,,,Before Setup,2026-06-04,https://app.enertiv.com/app/properties/1d905d31-a055-4d49-b89d-85588be71b88/digitization/meters/fe3b59e5-9d6c-45fe-adf1-a58bf9b5b829?tab=data&fromTime=2026-01-01&toTime=2026-01-01&reading_types=90
Inverpoint Building #4,8210 Courthouse Blvd,MN,55077,Distribution Center,129344.0,Monitored,Electricity,House,91 024 311,Main Electrical Rm,,,,Tenant,2026-01-01,2026-01-01,,,,Before Setup,2026-03-17,https://app.enertiv.com/app/properties/1d905d31-a055-4d49-b89d-85588be71b88/digitization/meters/895ecb49-3b34-445e-b175-353ebc6d308c?tab=data&fromTime=2026-01-01&toTime=2026-01-01&reading_types=3
M1 - North Building,700 Meadow Ln North,MN,55422,Office,55734.0,Utility Account,Electricity,Xcel Energy,5154008647,,,,,Landlord,2025-04-06,2026-07-06,,,0.0,OK,,https://app.enertiv.com/app/portfolio/ecbca40a-713e-4433-ab97-3f3c16e1e359/utilities/bills?location=c0d3aca8-ad4e-44c4-85c3-f41dd9352373&ub_fromTime=2025-04-06&ub_toTime=2026-07-06
M1 - North Building,700 Meadow Ln North,MN,55422,Office,55734.0,Utility Account,Electricity,Xcel Energy,5154008647,,,,,Landlord,2025-12-04,2026-01-06,54400.0,kWh,6550.37,OK,,https://app.enertiv.com/app/portfolio/ecbca40a-713e-4433-ab97-3f3c16e1e359/utilities/bills?location=c0d3aca8-ad4e-44c4-85c3-f41dd9352373&ub_fromTime=2025-12-04&ub_toTime=2026-01-06
M1 - North Building,700 Meadow Ln North,MN,55422,Office,55734.0,Utility Account,Water,"City Of Golden Valley, Minnesota",0010756809,,,,,Landlord,2025-12-12,2026-01-12,32.000000000000014,kgal,758.06,OK,,https://app.enertiv.com/app/portfolio/ecbca40a-713e-4433-ab97-3f3c16e1e359/utilities/bills?location=c0d3aca8-ad4e-44c4-85c3-f41dd9352373&ub_fromTime=2025-12-12&ub_toTime=2026-01-12
M1 - North Building,700 Meadow Ln North,MN,55422,Office,55734.0,Utility Account,Natural Gas,CenterPoint Energy,82855537,,,,,Landlord,2025-12-26,2026-01-27,5212.0,thm,5721.34,OK,,https://app.enertiv.com/app/portfolio/ecbca40a-713e-4433-ab97-3f3c16e1e359/utilities/bills?location=c0d3aca8-ad4e-44c4-85c3-f41dd9352373&ub_fromTime=2025-12-26&ub_toTime=2026-01-27
M2 - South Building,4000 Olson Memorial Hwy,MN,55422,Office,137387.0,Utility Account,Electricity,Xcel Energy,5154008647,,,,,Landlord,2025-04-06,2026-07-06,,,0.0,OK,,https://app.enertiv.com/app/portfolio/ecbca40a-713e-4433-ab97-3f3c16e1e359/utilities/bills?location=e8d5e36c-3262-42da-af89-112ffba857d2&ub_fromTime=2025-04-06&ub_toTime=2026-07-06
M2 - South Building,4000 Olson Memorial Hwy,MN,55422,Office,137387.0,Utility Account,Water,"City Of Golden Valley, Minnesota",0010756815,,,,,Landlord,2025-10-12,2026-05-12,0.0,kgal,29.27,OK,,https://app.enertiv.com/app/portfolio/ecbca40a-713e-4433-ab97-3f3c16e1e359/utilities/bills?location=e8d5e36c-3262-42da-af89-112ffba857d2&ub_fromTime=2025-10-12&ub_toTime=2026-05-12
M2 - South Building,4000 Olson Memorial Hwy,MN,55422,Office,137387.0,Utility Account,Electricity,Xcel Energy,5154008647,,,,,Landlord,2025-12-04,2026-01-06,112000.0,kWh,13763.88,OK,,https://app.enertiv.com/app/portfolio/ecbca40a-713e-4433-ab97-3f3c16e1e359/utilities/bills?location=e8d5e36c-3262-42da-af89-112ffba857d2&ub_fromTime=2025-12-04&ub_toTime=2026-01-06
M2 - South Building,4000 Olson Memorial Hwy,MN,55422,Office,137387.0,Utility Account,Water,"City Of Golden Valley, Minnesota",0010756807,,,,,Landlord,2025-12-12,2026-01-12,15.000000000000007,kgal,1247.74,OK,,https://app.enertiv.com/app/portfolio/ecbca40a-713e-4433-ab97-3f3c16e1e359/utilities/bills?location=e8d5e36c-3262-42da-af89-112ffba857d2&ub_fromTime=2025-12-12&ub_toTime=2026-01-12
M2 - South Building,4000 Olson Memorial Hwy,MN,55422,Office,137387.0,Utility Account,Natural Gas,CenterPoint Energy,55926646,,,,,Landlord,2025-12-26,2026-01-27,7268.0,thm,7937.13,OK,,https://app.enertiv.com/app/portfolio/ecbca40a-713e-4433-ab97-3f3c16e1e359/utilities/bills?location=e8d5e36c-3262-42da-af89-112ffba857d2&ub_fromTime=2025-12-26&ub_toTime=2026-01-27
M3 - West Building,4050 Olson Memorial Hwy,MN,55422,Office,65547.0,Utility Account,Electricity,Xcel Energy,5154008647,,,,,Landlord,2025-04-06,2026-07-06,514925.0,kWh,83469.74000000002,OK,,https://app.enertiv.com/app/portfolio/ecbca40a-713e-4433-ab97-3f3c16e1e359/utilities/bills?location=1d808971-250e-45b7-bfbf-3f92185ef43e&ub_fromTime=2025-04-06&ub_toTime=2026-07-06
M3 - West Building,4050 Olson Memorial Hwy,MN,55422,Office,65547.0,Utility Account,Electricity,Xcel Energy,5154008647,,,,,Landlord,2025-12-03,2026-01-05,45605.0,kWh,5741.59,OK,,https://app.enertiv.com/app/portfolio/ecbca40a-713e-4433-ab97-3f3c16e1e359/utilities/bills?location=1d808971-250e-45b7-bfbf-3f92185ef43e&ub_fromTime=2025-12-03&ub_toTime=2026-01-05
M3 - West Building,4050 Olson Memorial Hwy,MN,55422,Office,65547.0,Utility Account,Water,"City Of Golden Valley, Minnesota",0010757003,,,,,Landlord,2025-12-12,2026-01-12,14.000000000000007,kgal,405.5,OK,,https://app.enertiv.com/app/portfolio/ecbca40a-713e-4433-ab97-3f3c16e1e359/utilities/bills?location=1d808971-250e-45b7-bfbf-3f92185ef43e&ub_fromTime=2025-12-12&ub_toTime=2026-01-12
M3 - West Building,4050 Olson Memorial Hwy,MN,55422,Office,65547.0,Utility Account,Natural Gas,CenterPoint Energy,64011305212,,,,,Landlord,2025-12-26,2026-01-27,5281.0,thm,5795.69,OK,,https://app.enertiv.com/app/portfolio/ecbca40a-713e-4433-ab97-3f3c16e1e359/utilities/bills?location=1d808971-250e-45b7-bfbf-3f92185ef43e&ub_fromTime=2025-12-26&ub_toTime=2026-01-27
M3 - West Building,4050 Olson Memorial Hwy,MN,55422,Office,65547.0,Manually Read,Electricity,212146841,212146841,Outside,,,,Tenant,2026-01-01,2026-01-01,,,,No Data,2025-07-02,https://app.enertiv.com/app/properties/1d808971-250e-45b7-bfbf-3f92185ef43e/digitization/meters/4af5d538-1e42-4309-8738-3e8537055012?tab=data&fromTime=2026-01-01&toTime=2026-01-01&reading_types=3
M3 - West Building,4050 Olson Memorial Hwy,MN,55422,Office,65547.0,Monitored,Electricity,Solar Panel Inverter 1 (36 kWAC),,Outside,,,,Tenant,2026-01-01,2026-01-01,1.5066667200000001,kWh,,OK,2025-04-09,https://app.enertiv.com/app/properties/1d808971-250e-45b7-bfbf-3f92185ef43e/digitization/meters/91dc21a3-2599-4f93-a76e-3de2f8236c06?tab=data&fromTime=2026-01-01&toTime=2026-01-01&reading_types=3
M3 - West Building,4050 Olson Memorial Hwy,MN,55422,Office,65547.0,Monitored,Electricity,Solar Panel Inverter 2 (60 kWAC),,Outside,,,,Tenant,2026-01-01,2026-01-01,2.8000000800000002,kWh,,OK,2025-04-09,https://app.enertiv.com/app/properties/1d808971-250e-45b7-bfbf-3f92185ef43e/digitization/meters/9dd696d3-8297-4bb2-9a11-0b556380f49d?tab=data&fromTime=2026-01-01&toTime=2026-01-01&reading_types=3
NS Boiler Room,38 Northern Stacks Drive,MN,55421,Restaurant/cafeteria,13186.0,Monitored,Electricity,Electrial Meter 2,18476029,Outside,,,,Tenant,2026-01-01,2026-01-01,,,,Before Setup,2026-02-06,https://app.enertiv.com/app/properties/c9456253-52a9-4a0c-964e-46181f267b97/digitization/meters/6e61fa7f-67eb-4ef3-a260-efe8fe5f457b?tab=data&fromTime=2026-01-01&toTime=2026-01-01&reading_types=3
NS Boiler Room,38 Northern Stacks Drive,MN,55421,Restaurant/cafeteria,13186.0,Monitored,Electricity,Electric Aggregate Meter,Electric Aggregate Meter,Outside,,,,Tenant,2026-01-01,2026-01-01,,,,Before Setup,2026-02-06,https://app.enertiv.com/app/properties/c9456253-52a9-4a0c-964e-46181f267b97/digitization/meters/84f4e831-65d6-4421-bdec-a5bb0ae40bd6?tab=data&fromTime=2026-01-01&toTime=2026-01-01&reading_types=3
NS Boiler Room,38 Northern Stacks Drive,MN,55421,Restaurant/cafeteria,13186.0,Monitored,Electricity,Electrical Meter 1- House service,348 247 210,Outside,,,,Tenant,2026-01-01,2026-01-01,,,,Before Setup,2026-02-06,https://app.enertiv.com/app/properties/c9456253-52a9-4a0c-964e-46181f267b97/digitization/meters/85659498-6086-4a5b-99b3-057453c8a54c?tab=data&fromTime=2026-01-01&toTime=2026-01-01&reading_types=3
North Wirth - Parking Garage,Meadow Lane North,MN,55422,Parking,188806.0,Utility Account,Electricity,Xcel Energy,5166089296,,,,,Landlord,2025-12-03,2026-01-05,3529.0,kWh,410.27,OK,,https://app.enertiv.com/app/portfolio/ecbca40a-713e-4433-ab97-3f3c16e1e359/utilities/bills?location=b5320102-571f-4e7c-a220-0d98833f265b&ub_fromTime=2025-12-03&ub_toTime=2026-01-05
Northern Stacks II,45 Northern Stacks Drive,MN,55421,Warehouse,135000.0,Utility Account,Electricity,Xcel Energy,5100125284289,,,,,Landlord,2025-12-07,2026-01-07,6137.0,kWh,705.48,OK,,https://app.enertiv.com/app/portfolio/ecbca40a-713e-4433-ab97-3f3c16e1e359/utilities/bills?location=0cf07196-6ca2-4436-981a-823a7f0eec85&ub_fromTime=2025-12-07&ub_toTime=2026-01-07
Northern Stacks II,45 Northern Stacks Drive,MN,55421,Warehouse,135000.0,Utility Account,Electricity,Xcel Energy,5100125284289,,,,,Landlord,2025-12-10,2026-01-07,23684.0,kWh,3157.49,OK,,https://app.enertiv.com/app/portfolio/ecbca40a-713e-4433-ab97-3f3c16e1e359/utilities/bills?location=0cf07196-6ca2-4436-981a-823a7f0eec85&ub_fromTime=2025-12-10&ub_toTime=2026-01-07
Northern Stacks II,45 Northern Stacks Drive,MN,55421,Warehouse,135000.0,Utility Account,Electricity,Xcel Energy,5100125284289,,,,,Landlord,2025-12-16,2026-01-08,,,0.0,OK,,https://app.enertiv.com/app/portfolio/ecbca40a-713e-4433-ab97-3f3c16e1e359/utilities/bills?location=0cf07196-6ca2-4436-981a-823a7f0eec85&ub_fromTime=2025-12-16&ub_toTime=2026-01-08
Northern Stacks II,45 Northern Stacks Drive,MN,55421,Warehouse,135000.0,Monitored,Natural Gas,20161705038,1705038,Outside,,,,Tenant,2026-01-01,2026-01-01,131.29744262399998,ccf,,OK,2025-12-16,https://app.enertiv.com/app/properties/0cf07196-6ca2-4436-981a-823a7f0eec85/digitization/meters/cbc8b59d-8d5f-42c1-8996-0df9a0e04d24?tab=data&fromTime=2026-01-01&toTime=2026-01-01&reading_types=90
Northern Stacks II,45 Northern Stacks Drive,MN,55421,Warehouse,135000.0,Monitored,Electricity,Electric Aggregate Meter,Electric Aggregate Meter,Mechanical Rm,,,,Tenant,2026-01-01,2026-01-01,1342.45000368,kWh,,OK,2025-12-16,https://app.enertiv.com/app/properties/0cf07196-6ca2-4436-981a-823a7f0eec85/digitization/meters/9b4eec06-f6e2-47fa-a4ca-93a11caf2d7e?tab=data&fromTime=2026-01-01&toTime=2026-01-01&reading_types=3
Northern Stacks II,45 Northern Stacks Drive,MN,55421,Warehouse,135000.0,Monitored,Natural Gas,Gas Aggregate Meter,Gas Aggregate Meter,Outside,,,,Tenant,2026-01-01,2026-01-01,131.29744262399998,ccf,,OK,2025-12-16,https://app.enertiv.com/app/properties/0cf07196-6ca2-4436-981a-823a7f0eec85/digitization/meters/c0b79ac8-a8f6-458d-a9b3-ad667a83771f?tab=data&fromTime=2026-01-01&toTime=2026-01-01&reading_types=90
Northern Stacks II,45 Northern Stacks Drive,MN,55421,Warehouse,135000.0,Monitored,Natural Gas,Roots meter,1912613,Outside,,,,Tenant,2026-01-01,2026-01-01,,,,Before Setup,2026-06-22,https://app.enertiv.com/app/properties/0cf07196-6ca2-4436-981a-823a7f0eec85/digitization/meters/20978d16-6f47-4fa9-b3e5-8a8c3b9e8bb9?tab=data&fromTime=2026-01-01&toTime=2026-01-01&reading_types=90
Northern Stacks II,45 Northern Stacks Drive,MN,55421,Warehouse,135000.0,Monitored,Electricity,Suite 100,352 545 928,Unit 100,Trio Supply Company,79763.0,59%,Tenant,2026-01-01,2026-01-01,373.09991472,kWh,,OK,2025-12-16,https://app.enertiv.com/app/properties/0cf07196-6ca2-4436-981a-823a7f0eec85/digitization/meters/a2c0b4e3-45b3-4dd9-993f-8fd80a003bb4?tab=data&fromTime=2026-01-01&toTime=2026-01-01&reading_types=3
Northern Stacks II,45 Northern Stacks Drive,MN,55421,Warehouse,135000.0,Monitored,Electricity,Suite 200,352 545 927,Unit 200,"Certified Power, Inc.",55237.0,41%,Tenant,2026-01-01,2026-01-01,348.29999544,kWh,,OK,2025-12-16,https://app.enertiv.com/app/properties/0cf07196-6ca2-4436-981a-823a7f0eec85/digitization/meters/37911c36-fad4-43a9-87f3-359f5373d0e4?tab=data&fromTime=2026-01-01&toTime=2026-01-01&reading_types=3
Northern Stacks II,45 Northern Stacks Drive,MN,55421,Warehouse,135000.0,Monitored,Electricity,Xcel Energy - 352 704 206,352 704 206,Mechanical Rm,,,,Tenant,2026-01-01,2026-01-01,427.05000672000006,kWh,,OK,2025-12-16,https://app.enertiv.com/app/properties/0cf07196-6ca2-4436-981a-823a7f0eec85/digitization/meters/24f56547-c80f-4bc6-9ded-98a7b64efdd2?tab=data&fromTime=2026-01-01&toTime=2026-01-01&reading_types=3
Northern Stacks II,45 Northern Stacks Drive,MN,55421,Warehouse,135000.0,Monitored,Electricity,Xcel Energy - 360 556 225,360 556 225,Mechanical Rm,,,,Tenant,2026-01-01,2026-01-01,194.0000868,kWh,,OK,2025-12-16,https://app.enertiv.com/app/properties/0cf07196-6ca2-4436-981a-823a7f0eec85/digitization/meters/3c95d059-5cf6-485f-828f-9d306e8fbbbe?tab=data&fromTime=2026-01-01&toTime=2026-01-01&reading_types=3
Northern Stacks III,42 Northern Stacks Drive,MN,55421,Warehouse,132701.0,Monitored,Electricity,Electric Aggregate Meter,Electric Aggregate Meter,Mechanical Rm,,,,Tenant,2026-01-01,2026-01-01,,,,Before Setup,2026-02-03,https://app.enertiv.com/app/properties/96880b68-f0f8-45e5-b78e-498d6046fdef/digitization/meters/46d46540-3187-4a13-84b8-c04ea1c4c0a5?tab=data&fromTime=2026-01-01&toTime=2026-01-01&reading_types=3
Northern Stacks III,42 Northern Stacks Drive,MN,55421,Warehouse,132701.0,Monitored,Electricity,Xcel Energy 1,20267871,Mechanical Rm,,,,Tenant,2026-01-01,2026-01-01,,,,Before Setup,2026-02-03,https://app.enertiv.com/app/properties/96880b68-f0f8-45e5-b78e-498d6046fdef/digitization/meters/402b0a07-6f7d-415e-b781-1b8f1c218c5f?tab=data&fromTime=2026-01-01&toTime=2026-01-01&reading_types=3
Northern Stacks III,42 Northern Stacks Drive,MN,55421,Warehouse,132701.0,Monitored,Electricity,Xcel Energy 4,352 545 951,Mechanical Rm,,,,Tenant,2026-01-01,2026-01-01,,,,Before Setup,2026-02-03,https://app.enertiv.com/app/properties/96880b68-f0f8-45e5-b78e-498d6046fdef/digitization/meters/b1287a32-d36f-4a5d-8f54-a70d8807518e?tab=data&fromTime=2026-01-01&toTime=2026-01-01&reading_types=3
Northern Stacks III,42 Northern Stacks Drive,MN,55421,Warehouse,132701.0,Monitored,Electricity,Xcel Energy 5,352 545 950,Mechanical Rm,,,,Tenant,2026-01-01,2026-01-01,,,,Before Setup,2026-02-03,https://app.enertiv.com/app/properties/96880b68-f0f8-45e5-b78e-498d6046fdef/digitization/meters/582b4ef6-1f7b-48e7-a10d-61cf90bf10af?tab=data&fromTime=2026-01-01&toTime=2026-01-01&reading_types=3
Northern Stacks III,42 Northern Stacks Drive,MN,55421,Warehouse,132701.0,Monitored,Electricity,Xcel Energy 6,352 545 949,Mechanical Rm,,,,Tenant,2026-01-01,2026-01-01,,,,Before Setup,2026-02-03,https://app.enertiv.com/app/properties/96880b68-f0f8-45e5-b78e-498d6046fdef/digitization/meters/ac0f8dd2-6b23-40d7-9e0f-cc7a83307874?tab=data&fromTime=2026-01-01&toTime=2026-01-01&reading_types=3
Northern Stacks III,42 Northern Stacks Drive,MN,55421,Warehouse,132701.0,Monitored,Electricity,Xcel energy 2,29097033,Mechanical Rm,,,,Tenant,2026-01-01,2026-01-01,,,,Before Setup,2026-02-03,https://app.enertiv.com/app/properties/96880b68-f0f8-45e5-b78e-498d6046fdef/digitization/meters/e1c818a2-cbaf-4084-9eff-3753592efe5f?tab=data&fromTime=2026-01-01&toTime=2026-01-01&reading_types=3
Northern Stacks IV,44 Northern Stacks Drive,MN,55421,Warehouse,177199.0,Utility Account,Electricity,Xcel Energy,5100139144916,,,,,Landlord,2025-12-07,2026-01-07,4643.0,kWh,546.03,OK,,https://app.enertiv.com/app/portfolio/ecbca40a-713e-4433-ab97-3f3c16e1e359/utilities/bills?location=0deffcc2-ac2d-4208-a57b-f280e5dfd390&ub_fromTime=2025-12-07&ub_toTime=2026-01-07
Northern Stacks IV,44 Northern Stacks Drive,MN,55421,Warehouse,177199.0,Monitored,Natural Gas,20161690705,1614301,Outside,,,,Tenant,2026-01-01,2026-01-01,,,,Before Setup,2026-03-30,https://app.enertiv.com/app/properties/0deffcc2-ac2d-4208-a57b-f280e5dfd390/digitization/meters/318e446a-2ce1-4bb1-b1e7-022ecd00b90a?tab=data&fromTime=2026-01-01&toTime=2026-01-01&reading_types=90
Northern Stacks IV,44 Northern Stacks Drive,MN,55421,Warehouse,177199.0,Monitored,Natural Gas,20171706006,1706006,Outside,,,,Tenant,2026-01-01,2026-01-01,,,,Before Setup,2026-03-30,https://app.enertiv.com/app/properties/0deffcc2-ac2d-4208-a57b-f280e5dfd390/digitization/meters/70079bce-a1d8-4420-8338-171d506ce978?tab=data&fromTime=2026-01-01&toTime=2026-01-01&reading_types=90
Northern Stacks IV,44 Northern Stacks Drive,MN,55421,Warehouse,177199.0,Monitored,Natural Gas,20171715633,1715633,Outside,,,,Tenant,2026-01-01,2026-01-01,,,,Before Setup,2026-03-30,https://app.enertiv.com/app/properties/0deffcc2-ac2d-4208-a57b-f280e5dfd390/digitization/meters/e6572721-7719-44fb-9f6b-f262154a05f0?tab=data&fromTime=2026-01-01&toTime=2026-01-01&reading_types=90
Northern Stacks IV,44 Northern Stacks Drive,MN,55421,Warehouse,177199.0,Monitored,Natural Gas,Gas Meter 4,2106506,Outside,,,,Tenant,2026-01-01,2026-01-01,,,,Before Setup,2026-06-22,https://app.enertiv.com/app/properties/0deffcc2-ac2d-4208-a57b-f280e5dfd390/digitization/meters/0b96bc17-78e0-49bc-8cc7-ff14c8783406?tab=data&fromTime=2026-01-01&toTime=2026-01-01&reading_types=90
Northern Stacks IX,5400 Main Street,MN,55421,Warehouse,428774.0,Utility Account,Electricity,Xcel Energy,5100151251398,,,,,Landlord,2025-11-04,2026-06-08,191402.0,kWh,4947.199999999999,OK,,https://app.enertiv.com/app/portfolio/ecbca40a-713e-4433-ab97-3f3c16e1e359/utilities/bills?location=3dae64e1-aff7-48df-8465-b827c6f5409c&ub_fromTime=2025-11-04&ub_toTime=2026-06-08
Northern Stacks IX,5400 Main Street,MN,55421,Warehouse,428774.0,Utility Account,Electricity,Xcel Energy,5100138700861,,,,,Landlord,2025-12-07,2026-01-07,254960.0,kWh,30550.668748023396,OK,,https://app.enertiv.com/app/portfolio/ecbca40a-713e-4433-ab97-3f3c16e1e359/utilities/bills?location=3dae64e1-aff7-48df-8465-b827c6f5409c&ub_fromTime=2025-12-07&ub_toTime=2026-01-07
Northern Stacks IX,5400 Main Street,MN,55421,Warehouse,428774.0,Utility Account,Electricity,Xcel Energy,5100151251398,,,,,Landlord,2025-12-07,2026-01-07,24742.0,kWh,3123.97,OK,,https://app.enertiv.com/app/portfolio/ecbca40a-713e-4433-ab97-3f3c16e1e359/utilities/bills?location=3dae64e1-aff7-48df-8465-b827c6f5409c&ub_fromTime=2025-12-07&ub_toTime=2026-01-07
Northern Stacks IX,5400 Main Street,MN,55421,Warehouse,428774.0,Manually Read,Natural Gas,1349571,1349571,Outside,,,,Tenant,2026-01-01,2026-01-01,,,,Before Setup,2026-06-23,https://app.enertiv.com/app/properties/3dae64e1-aff7-48df-8465-b827c6f5409c/digitization/meters/36dd7e01-6a7e-4532-8457-6408af818b0e?tab=data&fromTime=2026-01-01&toTime=2026-01-01&reading_types=90
Northern Stacks IX,5400 Main Street,MN,55421,Warehouse,428774.0,Manually Read,Natural Gas,1558508,1558508,Outside,,,,Tenant,2026-01-01,2026-01-01,,,,Before Setup,2026-06-23,https://app.enertiv.com/app/properties/3dae64e1-aff7-48df-8465-b827c6f5409c/digitization/meters/55ad0e7e-fd19-4139-ab9a-4e84e53bbd56?tab=data&fromTime=2026-01-01&toTime=2026-01-01&reading_types=90
Northern Stacks IX,5400 Main Street,MN,55421,Warehouse,428774.0,Manually Read,Natural Gas,1614179,1614179,Outside,,,,Tenant,2026-01-01,2026-01-01,,,,Before Setup,2026-06-23,https://app.enertiv.com/app/properties/3dae64e1-aff7-48df-8465-b827c6f5409c/digitization/meters/2425d25d-19fb-4120-b9c6-cb67e17f0625?tab=data&fromTime=2026-01-01&toTime=2026-01-01&reading_types=90
Northern Stacks V,48 Northern Stacks Drive,MN,55421,Warehouse,117527.0,Monitored,Natural Gas,1614078,1614078,Outside,,,,Tenant,2026-01-01,2026-01-01,76.701338208,ccf,,OK,2025-12-18,https://app.enertiv.com/app/properties/eec45229-e02d-4ff7-a796-84cd4fd6ab35/digitization/meters/29d31442-e9c5-4572-8261-1bed6ac48d73?tab=data&fromTime=2026-01-01&toTime=2026-01-01&reading_types=90
Northern Stacks V,48 Northern Stacks Drive,MN,55421,Warehouse,117527.0,Monitored,Natural Gas,1794874,1794874,Outside,,,,Tenant,2026-01-01,2026-01-01,376.428570624,ccf,,OK,2025-12-18,https://app.enertiv.com/app/properties/eec45229-e02d-4ff7-a796-84cd4fd6ab35/digitization/meters/7f636fac-9333-420b-a36f-b8b5fa34403f?tab=data&fromTime=2026-01-01&toTime=2026-01-01&reading_types=90
Northern Stacks V,48 Northern Stacks Drive,MN,55421,Warehouse,117527.0,Monitored,Electricity,Electric Aggregate Meter,Electric Aggregate Meter,Electrical Rm,,,,Tenant,2026-01-01,2026-01-01,,,,Before Setup,2026-02-05,https://app.enertiv.com/app/properties/eec45229-e02d-4ff7-a796-84cd4fd6ab35/digitization/meters/adf61855-6a83-4a67-805a-4834affca8ae?tab=data&fromTime=2026-01-01&toTime=2026-01-01&reading_types=3
Northern Stacks V,48 Northern Stacks Drive,MN,55421,Warehouse,117527.0,Monitored,Natural Gas,Gas Aggregate Meter,Gas Aggregate Meter,Outside,,,,Tenant,2026-01-01,2026-01-01,453.129908832,ccf,,OK,2025-12-18,https://app.enertiv.com/app/properties/eec45229-e02d-4ff7-a796-84cd4fd6ab35/digitization/meters/64244e93-6b24-40c3-b4e0-b79525b64ce5?tab=data&fromTime=2026-01-01&toTime=2026-01-01&reading_types=90
Northern Stacks V,48 Northern Stacks Drive,MN,55421,Warehouse,117527.0,Monitored,Electricity,Switchboard 2,21647661,Electrical Rm,,,,Tenant,2026-01-01,2026-01-01,,,,Before Setup,2026-02-05,https://app.enertiv.com/app/properties/eec45229-e02d-4ff7-a796-84cd4fd6ab35/digitization/meters/e837367c-934a-4e2f-bc4c-4779cc6f9860?tab=data&fromTime=2026-01-01&toTime=2026-01-01&reading_types=3
Northern Stacks V,48 Northern Stacks Drive,MN,55421,Warehouse,117527.0,Monitored,Electricity,Switchboard1,352 545 904,Electrical Rm,,,,Tenant,2026-01-01,2026-01-01,,,,Before Setup,2026-02-05,https://app.enertiv.com/app/properties/eec45229-e02d-4ff7-a796-84cd4fd6ab35/digitization/meters/6b825bdd-883b-4e47-ba4a-c9fdfbbf0ec2?tab=data&fromTime=2026-01-01&toTime=2026-01-01&reading_types=3
Northern Stacks VI,40 51st Way,MN,55421,Warehouse,120167.0,Monitored,Natural Gas,1261925,1261925,Outside,,,,Tenant,2026-01-01,2026-01-01,64.92304007999999,ccf,,OK,2025-12-30,https://app.enertiv.com/app/properties/6c37ad46-5a77-416e-b4b9-378a445d8418/digitization/meters/287a8b8e-6c7d-4093-84ec-c5eccab93ac1?tab=data&fromTime=2026-01-01&toTime=2026-01-01&reading_types=90
Northern Stacks VI,40 51st Way,MN,55421,Warehouse,120167.0,Monitored,Natural Gas,16185098,16185098,Outside,,,,Tenant,2026-01-01,2026-01-01,155.538775584,ccf,,OK,2025-12-20,https://app.enertiv.com/app/properties/6c37ad46-5a77-416e-b4b9-378a445d8418/digitization/meters/6e144f11-0efb-411c-ac5e-62173d7803d0?tab=data&fromTime=2026-01-01&toTime=2026-01-01&reading_types=90
Northern Stacks VI,40 51st Way,MN,55421,Warehouse,120167.0,Monitored,Natural Gas,1716190,1716190,Outside,,,,Tenant,2026-01-01,2026-01-01,73.399438512,ccf,,OK,2025-12-20,https://app.enertiv.com/app/properties/6c37ad46-5a77-416e-b4b9-378a445d8418/digitization/meters/3576763d-c494-48de-87ab-b1665400340f?tab=data&fromTime=2026-01-01&toTime=2026-01-01&reading_types=90
Northern Stacks VI,40 51st Way,MN,55421,Warehouse,120167.0,Monitored,Electricity,Electric Aggregate Meter,Electric Aggregate Meter,Electrical Rm,,,,Tenant,2026-01-01,2026-01-01,,,,Before Setup,2026-02-05,https://app.enertiv.com/app/properties/6c37ad46-5a77-416e-b4b9-378a445d8418/digitization/meters/f7ecb6c2-a9fb-4a82-a266-c6206b388e72?tab=data&fromTime=2026-01-01&toTime=2026-01-01&reading_types=3
Northern Stacks VI,40 51st Way,MN,55421,Warehouse,120167.0,Monitored,Natural Gas,Gas Aggregate Meter,Gas Aggregate Meter,Outside,,,,Tenant,2026-01-01,2026-01-01,293.861254176,ccf,,OK,2025-12-20,https://app.enertiv.com/app/properties/6c37ad46-5a77-416e-b4b9-378a445d8418/digitization/meters/cab3826e-e71f-43ec-b2da-3c806c58ce87?tab=data&fromTime=2026-01-01&toTime=2026-01-01&reading_types=90
Northern Stacks VI,40 51st Way,MN,55421,Warehouse,120167.0,Monitored,Electricity,Xcel Energy 2,21533225,Electrical Rm,,,,Tenant,2026-01-01,2026-01-01,,,,Before Setup,2026-02-05,https://app.enertiv.com/app/properties/6c37ad46-5a77-416e-b4b9-378a445d8418/digitization/meters/5ea5abc9-ccde-45f4-93b0-35f165ca4b65?tab=data&fromTime=2026-01-01&toTime=2026-01-01&reading_types=3
Northern Stacks VI,40 51st Way,MN,55421,Warehouse,120167.0,Monitored,Electricity,Xcel Energy 3,27102250,Electrical Rm,,,,Tenant,2026-01-01,2026-01-01,,,,Before Setup,2026-02-05,https://app.enertiv.com/app/properties/6c37ad46-5a77-416e-b4b9-378a445d8418/digitization/meters/1c436d07-34d6-494c-a425-f3429e6d764e?tab=data&fromTime=2026-01-01&toTime=2026-01-01&reading_types=3
Northern Stacks VI,40 51st Way,MN,55421,Warehouse,120167.0,Monitored,Electricity,Xcel Energy 4,352 433 356,Electrical Rm,,,,Tenant,2026-01-01,2026-01-01,,,,Before Setup,2026-02-05,https://app.enertiv.com/app/properties/6c37ad46-5a77-416e-b4b9-378a445d8418/digitization/meters/8b0935b9-90d3-44a1-93d0-88c38a8b526a?tab=data&fromTime=2026-01-01&toTime=2026-01-01&reading_types=3
Northern Stacks VI,40 51st Way,MN,55421,Warehouse,120167.0,Monitored,Electricity,Xcel Energy 5,352 433 355,Electrical Rm,,,,Tenant,2026-01-01,2026-01-01,,,,Before Setup,2026-02-05,https://app.enertiv.com/app/properties/6c37ad46-5a77-416e-b4b9-378a445d8418/digitization/meters/61aa8592-023b-46e2-a959-25f28e7df391?tab=data&fromTime=2026-01-01&toTime=2026-01-01&reading_types=3
Northern Stacks VII,60 51st Way,MN,55421,Warehouse,199980.0,Utility Account,Electricity,Xcel Energy,5100125284541,,,,,Landlord,2025-12-04,2026-01-06,6563.0,kWh,737.49,OK,,https://app.enertiv.com/app/portfolio/ecbca40a-713e-4433-ab97-3f3c16e1e359/utilities/bills?location=82b0fadc-c8bd-4f46-9707-38b7e2079e8c&ub_fromTime=2025-12-04&ub_toTime=2026-01-06
Northern Stacks VII,60 51st Way,MN,55421,Warehouse,199980.0,Utility Account,Natural Gas,CenterPoint Energy,110032356,,,,,Landlord,2025-12-05,2026-01-06,9669.0,thm,10467.04,OK,,https://app.enertiv.com/app/portfolio/ecbca40a-713e-4433-ab97-3f3c16e1e359/utilities/bills?location=82b0fadc-c8bd-4f46-9707-38b7e2079e8c&ub_fromTime=2025-12-05&ub_toTime=2026-01-06
Northern Stacks VII,60 51st Way,MN,55421,Warehouse,199980.0,Monitored,Natural Gas,Gas meter,1801614,Outside,,,,Tenant,2026-01-01,2026-01-01,,,,Before Setup,2026-06-22,https://app.enertiv.com/app/properties/82b0fadc-c8bd-4f46-9707-38b7e2079e8c/digitization/meters/94ef00bc-9ce6-4dbf-824d-9a1e699bfabe?tab=data&fromTime=2026-01-01&toTime=2026-01-01&reading_types=90
Northern Stacks VIII,5101 Industrial Boulevard,MN,55421,Warehouse,188928.0,Monitored,Natural Gas,Gas Aggregate Meter,Gas Aggregate Meter,Outside,,,,Tenant,2026-01-01,2026-01-01,,,,Before Setup,2026-06-11,https://app.enertiv.com/app/properties/a79b1860-0fc4-4177-be28-f3ffb1679e65/digitization/meters/307e0c59-6f6b-4c09-a9e3-973dea92b44e?tab=data&fromTime=2026-01-01&toTime=2026-01-01&reading_types=90
Northern Stacks VIII,5101 Industrial Boulevard,MN,55421,Warehouse,188928.0,Monitored,Natural Gas,Gas meter 1,2409748,Outside,,,,Tenant,2026-01-01,2026-01-01,,,,Before Setup,2026-06-11,https://app.enertiv.com/app/properties/a79b1860-0fc4-4177-be28-f3ffb1679e65/digitization/meters/f1cff4cd-104d-4e70-9c53-974949ee7395?tab=data&fromTime=2026-01-01&toTime=2026-01-01&reading_types=90
Northern Stacks VIII,5101 Industrial Boulevard,MN,55421,Warehouse,188928.0,Monitored,Natural Gas,Gas meter 2,1792054,Outside,,,,Tenant,2026-01-01,2026-01-01,,,,Before Setup,2026-06-11,https://app.enertiv.com/app/properties/a79b1860-0fc4-4177-be28-f3ffb1679e65/digitization/meters/aa1f2900-9cc8-4332-ae11-1ac8c7960cb4?tab=data&fromTime=2026-01-01&toTime=2026-01-01&reading_types=90
Northern Stacks VIII,5101 Industrial Boulevard,MN,55421,Warehouse,188928.0,Monitored,Natural Gas,Gas meter 3,1912553,Outside,,,,Tenant,2026-01-01,2026-01-01,,,,Before Setup,2026-06-12,https://app.enertiv.com/app/properties/a79b1860-0fc4-4177-be28-f3ffb1679e65/digitization/meters/db771c41-bb5c-4e92-8305-14692b1042b9?tab=data&fromTime=2026-01-01&toTime=2026-01-01&reading_types=90
Northern Stacks VIII,5101 Industrial Boulevard,MN,55421,Warehouse,188928.0,Monitored,Natural Gas,Gas meter 5,2455042,Outside,,,,Tenant,2026-01-01,2026-01-01,,,,Before Setup,2026-06-12,https://app.enertiv.com/app/properties/a79b1860-0fc4-4177-be28-f3ffb1679e65/digitization/meters/b3c25c61-dbb7-4eee-ba1a-a8536b8e4697?tab=data&fromTime=2026-01-01&toTime=2026-01-01&reading_types=90
One Discovery Square,202 4th Street Southwest,MN,55902,Medical office,81428.0,Utility Account,Electricity,Rochester Public Utilities,2107419,,,,,Landlord,2025-12-03,2026-01-06,235000.0,kWh,27305.011,OK,,https://app.enertiv.com/app/portfolio/ecbca40a-713e-4433-ab97-3f3c16e1e359/utilities/bills?location=da22b6fe-15b2-4335-90bb-145f63e159bc&ub_fromTime=2025-12-03&ub_toTime=2026-01-06
One Discovery Square,202 4th Street Southwest,MN,55902,Medical office,81428.0,Utility Account,Water,Rochester Public Utilities,2107419,,,,,Landlord,2025-12-04,2026-01-06,353.92,ccf,2109.899,OK,,https://app.enertiv.com/app/portfolio/ecbca40a-713e-4433-ab97-3f3c16e1e359/utilities/bills?location=da22b6fe-15b2-4335-90bb-145f63e159bc&ub_fromTime=2025-12-04&ub_toTime=2026-01-06
One Discovery Square,202 4th Street Southwest,MN,55902,Medical office,81428.0,Utility Account,Natural Gas,Minnesota Energy Resource,061981747300004,,,,,Landlord,2025-12-05,2026-01-06,18348.8,thm,15669.04,OK,,https://app.enertiv.com/app/portfolio/ecbca40a-713e-4433-ab97-3f3c16e1e359/utilities/bills?location=da22b6fe-15b2-4335-90bb-145f63e159bc&ub_fromTime=2025-12-05&ub_toTime=2026-01-06
Peoria 12330,12330 E 46th Ave,CO,80239,Warehouse,137773.0,Monitored,Electricity,Electrical meter 1 / 360 559 300,360 559 300,Outside,,,,Tenant,2026-01-01,2026-01-01,,,,Before Setup,2026-02-24,https://app.enertiv.com/app/properties/14772633-403d-43a6-9c93-49b3bb6294b5/digitization/meters/2899780b-285a-4eca-85af-fe2f98a2a58e?tab=data&fromTime=2026-01-01&toTime=2026-01-01&reading_types=3
Peoria 12330,12330 E 46th Ave,CO,80239,Warehouse,137773.0,Monitored,Electricity,Electrical meter 2 / 360 559 299,360 559 299,Outside,,,,Tenant,2026-01-01,2026-01-01,,,,Before Setup,2026-02-24,https://app.enertiv.com/app/properties/14772633-403d-43a6-9c93-49b3bb6294b5/digitization/meters/668f2d52-bfc6-449b-b95a-c72dbdf8e7e7?tab=data&fromTime=2026-01-01&toTime=2026-01-01&reading_types=3
Peoria 12330,12330 E 46th Ave,CO,80239,Warehouse,137773.0,Monitored,Electricity,Electrical meter 3 / 360 559 298,360 559 296,Outside,,,,Tenant,2026-01-01,2026-01-01,,,,Before Setup,2026-02-24,https://app.enertiv.com/app/properties/14772633-403d-43a6-9c93-49b3bb6294b5/digitization/meters/21606027-cf6c-4917-b8d8-8eb97e137272?tab=data&fromTime=2026-01-01&toTime=2026-01-01&reading_types=3
Peoria 12330,12330 E 46th Ave,CO,80239,Warehouse,137773.0,Monitored,Electricity,Electrical meter 4 / 352 549 818,352 549 818,Outside,,,,Tenant,2026-01-01,2026-01-01,,,,Before Setup,2026-02-24,https://app.enertiv.com/app/properties/14772633-403d-43a6-9c93-49b3bb6294b5/digitization/meters/2e854779-b2b0-4aea-8ca9-63d4240afffd?tab=data&fromTime=2026-01-01&toTime=2026-01-01&reading_types=3
Peoria 12330,12330 E 46th Ave,CO,80239,Warehouse,137773.0,Monitored,Electricity,Electrical meter 5 / 352 549 817,352 549 817,Outside,,,,Tenant,2026-01-01,2026-01-01,,,,Before Setup,2026-02-24,https://app.enertiv.com/app/properties/14772633-403d-43a6-9c93-49b3bb6294b5/digitization/meters/7d57246b-ee62-409e-a49e-a971ac30ead5?tab=data&fromTime=2026-01-01&toTime=2026-01-01&reading_types=3
Peoria 12330,12330 E 46th Ave,CO,80239,Warehouse,137773.0,Monitored,Electricity,Electrical meter 6 / 352 549 819,352 549 819,Outside,,,,Tenant,2026-01-01,2026-01-01,,,,Before Setup,2026-02-24,https://app.enertiv.com/app/properties/14772633-403d-43a6-9c93-49b3bb6294b5/digitization/meters/c9b1c92b-0ccf-48fe-8270-6e8970a1994f?tab=data&fromTime=2026-01-01&toTime=2026-01-01&reading_types=3
Peoria 12330,12330 E 46th Ave,CO,80239,Warehouse,137773.0,Monitored,Electricity,Electrical meter 7 / 352 549 781,352 549 781,Outside,,,,Tenant,2026-01-01,2026-01-01,,,,Before Setup,2026-02-24,https://app.enertiv.com/app/properties/14772633-403d-43a6-9c93-49b3bb6294b5/digitization/meters/15531af7-e32b-4b6d-9161-5711b8c60c1d?tab=data&fromTime=2026-01-01&toTime=2026-01-01&reading_types=3
Peoria 12330,12330 E 46th Ave,CO,80239,Warehouse,137773.0,Monitored,Electricity,Electrical meter 8 / 352 549 783,352 549 783,Outside,,,,Tenant,2026-01-01,2026-01-01,,,,Before Setup,2026-02-24,https://app.enertiv.com/app/properties/14772633-403d-43a6-9c93-49b3bb6294b5/digitization/meters/79bd9b9a-d090-422b-89fa-312d231d918c?tab=data&fromTime=2026-01-01&toTime=2026-01-01&reading_types=3
Peoria 12330,12330 E 46th Ave,CO,80239,Warehouse,137773.0,Monitored,Electricity,Electrical meter 9 / 352 549 782,352 549 782,Outside,,,,Tenant,2026-01-01,2026-01-01,,,,Before Setup,2026-02-24,https://app.enertiv.com/app/properties/14772633-403d-43a6-9c93-49b3bb6294b5/digitization/meters/7c783eeb-f3c1-4161-b35d-54dfc1f1533e?tab=data&fromTime=2026-01-01&toTime=2026-01-01&reading_types=3
Peoria 12360,12360 E 46th AVE ,CO,80240,Warehouse,285600.0,Monitored,Electricity,Meter 2 / 348 306 456,348 306 456,West exterior,,,,Tenant,2026-01-01,2026-01-01,,,,Before Setup,2026-03-06,https://app.enertiv.com/app/properties/8589422b-0c54-4d00-a820-8dc6cdf06793/digitization/meters/0b282f3e-ec0d-4c53-b600-a84b9c5086e0?tab=data&fromTime=2026-01-01&toTime=2026-01-01&reading_types=3
Peoria 12360,12360 E 46th AVE ,CO,80240,Warehouse,285600.0,Monitored,Electricity,Meter 3 / 348 306 455,348 306 455,West exterior,,,,Tenant,2026-01-01,2026-01-01,,,,Before Setup,2026-03-06,https://app.enertiv.com/app/properties/8589422b-0c54-4d00-a820-8dc6cdf06793/digitization/meters/51511de0-8ea2-405e-94d9-b7981bef6748?tab=data&fromTime=2026-01-01&toTime=2026-01-01&reading_types=3
Peoria 12360,12360 E 46th AVE ,CO,80240,Warehouse,285600.0,Monitored,Electricity,Meter 4 / 360 558 898,360 558 898,West exterior,,,,Tenant,2026-01-01,2026-01-01,,,,Before Setup,2026-03-06,https://app.enertiv.com/app/properties/8589422b-0c54-4d00-a820-8dc6cdf06793/digitization/meters/7b33af9f-ac87-4f5e-97fd-fc1439d4d370?tab=data&fromTime=2026-01-01&toTime=2026-01-01&reading_types=3
Peoria 12360,12360 E 46th AVE ,CO,80240,Warehouse,285600.0,Monitored,Electricity,Meter 5 / 352 550 044,352 550 044,West exterior,,,,Tenant,2026-01-01,2026-01-01,,,,Before Setup,2026-03-17,https://app.enertiv.com/app/properties/8589422b-0c54-4d00-a820-8dc6cdf06793/digitization/meters/d2ec081c-0007-4802-ba5c-5b7d92786ebf?tab=data&fromTime=2026-01-01&toTime=2026-01-01&reading_types=3
Peoria 12360,12360 E 46th AVE ,CO,80240,Warehouse,285600.0,Monitored,Electricity,Meter 6 / 348 306 458,348 306 458,West exterior,,,,Tenant,2026-01-01,2026-01-01,,,,Before Setup,2026-03-17,https://app.enertiv.com/app/properties/8589422b-0c54-4d00-a820-8dc6cdf06793/digitization/meters/9daefb79-1e00-4012-904b-809b2fde14a6?tab=data&fromTime=2026-01-01&toTime=2026-01-01&reading_types=3
Peoria 12360,12360 E 46th AVE ,CO,80240,Warehouse,285600.0,Monitored,Electricity,Meter 7 / 348 306 457,348 306 457,West exterior,,,,Tenant,2026-01-01,2026-01-01,,,,Before Setup,2026-03-17,https://app.enertiv.com/app/properties/8589422b-0c54-4d00-a820-8dc6cdf06793/digitization/meters/6b2fa434-9afb-4322-bb54-349748b87ff5?tab=data&fromTime=2026-01-01&toTime=2026-01-01&reading_types=3
Peoria 12360,12360 E 46th AVE ,CO,80240,Warehouse,285600.0,Monitored,Electricity,Meter 9 / 348 253 378,348 253 378,West exterior,,,,Tenant,2026-01-01,2026-01-01,,,,Before Setup,2026-03-17,https://app.enertiv.com/app/properties/8589422b-0c54-4d00-a820-8dc6cdf06793/digitization/meters/9c857e93-0e1f-4be9-aaa2-d2bbb3bba2fe?tab=data&fromTime=2026-01-01&toTime=2026-01-01&reading_types=3
Peoria 13100,13100 E Albrook Dr,CO,80241,Warehouse,169200.0,Monitored,Electricity,100 / 348 309 647,348 309 647,Exterior,,,,Tenant,2026-01-01,2026-01-01,,,,Before Setup,2026-02-24,https://app.enertiv.com/app/properties/74563f20-3320-4dbf-a670-ee4bbda48494/digitization/meters/bdbeb934-a15a-44d7-90af-79c243c9cedc?tab=data&fromTime=2026-01-01&toTime=2026-01-01&reading_types=3
Peoria 13100,13100 E Albrook Dr,CO,80241,Warehouse,169200.0,Monitored,Electricity,200 / 360 558 821,360 558 821,Exterior,,,,Tenant,2026-01-01,2026-01-01,,,,Before Setup,2026-02-24,https://app.enertiv.com/app/properties/74563f20-3320-4dbf-a670-ee4bbda48494/digitization/meters/e8243b3f-e83e-474d-9cb9-95366bf1ea52?tab=data&fromTime=2026-01-01&toTime=2026-01-01&reading_types=3
Peoria 13100,13100 E Albrook Dr,CO,80241,Warehouse,169200.0,Monitored,Electricity,400 / 360 558 819,360 558 819,Exterior,,,,Tenant,2026-01-01,2026-01-01,,,,Before Setup,2026-02-24,https://app.enertiv.com/app/properties/74563f20-3320-4dbf-a670-ee4bbda48494/digitization/meters/63bb36d2-f600-44ac-bee4-59e3a2107cad?tab=data&fromTime=2026-01-01&toTime=2026-01-01&reading_types=3
Peoria 13100,13100 E Albrook Dr,CO,80241,Warehouse,169200.0,Monitored,Electricity,500 / 360 558 820,360 558 820,Exterior,,,,Tenant,2026-01-01,2026-01-01,,,,Before Setup,2026-02-24,https://app.enertiv.com/app/properties/74563f20-3320-4dbf-a670-ee4bbda48494/digitization/meters/5a8d496d-8b83-4a82-8aeb-dd86ec22a49a?tab=data&fromTime=2026-01-01&toTime=2026-01-01&reading_types=3
Peoria 13100,13100 E Albrook Dr,CO,80241,Warehouse,169200.0,Monitored,Electricity,600 / 349 759 653,349 759 653,Exterior,,,,Tenant,2026-01-01,2026-01-01,,,,Before Setup,2026-02-24,https://app.enertiv.com/app/properties/74563f20-3320-4dbf-a670-ee4bbda48494/digitization/meters/1caeaae7-1abe-467e-86d6-43151920fe96?tab=data&fromTime=2026-01-01&toTime=2026-01-01&reading_types=3
Peoria 13100,13100 E Albrook Dr,CO,80241,Warehouse,169200.0,Monitored,Electricity,700 / 360 579 222,360 579 222,Exterior,,,,Tenant,2026-01-01,2026-01-01,,,,Before Setup,2026-02-24,https://app.enertiv.com/app/properties/74563f20-3320-4dbf-a670-ee4bbda48494/digitization/meters/406ec5aa-17de-4080-b77a-ce2fc9c3877e?tab=data&fromTime=2026-01-01&toTime=2026-01-01&reading_types=3
Peoria 13100,13100 E Albrook Dr,CO,80241,Warehouse,169200.0,Monitored,Electricity,House meter / 360 558 818,360 558 818,Exterior,,,,Tenant,2026-01-01,2026-01-01,,,,Before Setup,2026-02-24,https://app.enertiv.com/app/properties/74563f20-3320-4dbf-a670-ee4bbda48494/digitization/meters/6d550f35-0380-4eca-8b8b-a9021eafa4db?tab=data&fromTime=2026-01-01&toTime=2026-01-01&reading_types=3
Peoria 13100,13100 E Albrook Dr,CO,80241,Warehouse,169200.0,Monitored,Electricity,Unknown Unit 2 / 360 579 225,360 579 225,Exterior,,,,Tenant,2026-01-01,2026-01-01,,,,Before Setup,2026-02-24,https://app.enertiv.com/app/properties/74563f20-3320-4dbf-a670-ee4bbda48494/digitization/meters/5bd71b87-b6bf-4a26-80df-9eb7b12e1f27?tab=data&fromTime=2026-01-01&toTime=2026-01-01&reading_types=3
Peoria 13100,13100 E Albrook Dr,CO,80241,Warehouse,169200.0,Monitored,Electricity,Unknown unit 1 / 360 579 223,360 579 223,Exterior,,,,Tenant,2026-01-01,2026-01-01,,,,Before Setup,2026-02-24,https://app.enertiv.com/app/properties/74563f20-3320-4dbf-a670-ee4bbda48494/digitization/meters/2128ff69-99fc-42ce-a66b-7cc5a102dfaa?tab=data&fromTime=2026-01-01&toTime=2026-01-01&reading_types=3
The 324,324 S. State Street,UT,84111,Office,221742.0,Utility Account,Water,"Salt Lake City Public Utilities, Utah",W1989605,,,,,Landlord,2025-12-02,2026-01-02,,,33.26,OK,,https://app.enertiv.com/app/portfolio/ecbca40a-713e-4433-ab97-3f3c16e1e359/utilities/bills?location=24ee381d-e3e8-4954-a896-e366b645433f&ub_fromTime=2025-12-02&ub_toTime=2026-01-02
The 324,324 S. State Street,UT,84111,Office,221742.0,Utility Account,Water,"Salt Lake City Public Utilities, Utah",W2635778,,,,,Landlord,2025-12-04,2026-01-03,1.0,ccf,40.74,OK,,https://app.enertiv.com/app/portfolio/ecbca40a-713e-4433-ab97-3f3c16e1e359/utilities/bills?location=24ee381d-e3e8-4954-a896-e366b645433f&ub_fromTime=2025-12-04&ub_toTime=2026-01-03
The 324,324 S. State Street,UT,84111,Office,221742.0,Utility Account,Water,"Salt Lake City Public Utilities, Utah",W2774468,,,,,Landlord,2025-12-15,2026-01-14,46.0,ccf,932.05,OK,,https://app.enertiv.com/app/portfolio/ecbca40a-713e-4433-ab97-3f3c16e1e359/utilities/bills?location=24ee381d-e3e8-4954-a896-e366b645433f&ub_fromTime=2025-12-15&ub_toTime=2026-01-14
The 324,324 S. State Street,UT,84111,Office,221742.0,Utility Account,Water,"Salt Lake City Public Utilities, Utah",W2774450,,,,,Landlord,2025-12-17,2026-01-14,,,33.26,OK,,https://app.enertiv.com/app/portfolio/ecbca40a-713e-4433-ab97-3f3c16e1e359/utilities/bills?location=24ee381d-e3e8-4954-a896-e366b645433f&ub_fromTime=2025-12-17&ub_toTime=2026-01-14
The 324,324 S. State Street,UT,84111,Office,221742.0,Utility Account,Electricity,Rocky Mountain Power,171541170014,,,,,Landlord,2025-12-30,2026-01-29,244120.0,kWh,23732.55,OK,,https://app.enertiv.com/app/portfolio/ecbca40a-713e-4433-ab97-3f3c16e1e359/utilities/bills?location=24ee381d-e3e8-4954-a896-e366b645433f&ub_fromTime=2025-12-30&ub_toTime=2026-01-29
Two Discovery Square,415 2nd Avenue SW,MN,55902,Medical office,118835.0,Utility Account,Natural Gas,Minnesota Energy Resource,061981747300007,,,,,Landlord,2025-12-03,2026-01-07,2329.1,thm,2294.35,OK,,https://app.enertiv.com/app/portfolio/ecbca40a-713e-4433-ab97-3f3c16e1e359/utilities/bills?location=5f468f40-eb1d-490f-ab09-5ee57b11e8cd&ub_fromTime=2025-12-03&ub_toTime=2026-01-07
Two Discovery Square,415 2nd Avenue SW,MN,55902,Medical office,118835.0,Utility Account,Electricity,Rochester Public Utilities,2150711,,,,,Landlord,2025-12-03,2026-01-06,235000.0,kWh,29317.114,OK,,https://app.enertiv.com/app/portfolio/ecbca40a-713e-4433-ab97-3f3c16e1e359/utilities/bills?location=5f468f40-eb1d-490f-ab09-5ee57b11e8cd&ub_fromTime=2025-12-03&ub_toTime=2026-01-06
Two Discovery Square,415 2nd Avenue SW,MN,55902,Medical office,118835.0,Utility Account,Natural Gas,Minnesota Energy Resource,061981747300005,,,,,Landlord,2025-12-04,2026-01-06,11860.7,thm,11427.8,OK,,https://app.enertiv.com/app/portfolio/ecbca40a-713e-4433-ab97-3f3c16e1e359/utilities/bills?location=5f468f40-eb1d-490f-ab09-5ee57b11e8cd&ub_fromTime=2025-12-04&ub_toTime=2026-01-06
Two Discovery Square,415 2nd Avenue SW,MN,55902,Medical office,118835.0,Utility Account,Water,Rochester Public Utilities,2150711,,,,,Landlord,2025-12-04,2026-01-06,149.25,ccf,1014.706,OK,,https://app.enertiv.com/app/portfolio/ecbca40a-713e-4433-ab97-3f3c16e1e359/utilities/bills?location=5f468f40-eb1d-490f-ab09-5ee57b11e8cd&ub_fromTime=2025-12-04&ub_toTime=2026-01-06
Waters I,2910 and 2930 Waters Road,MN,55121,Office,66154.0,Utility Account,Electricity,Xcel Energy,5100142506626,,,,,Landlord,2025-12-22,2026-01-25,1763.0,kWh,295.79,OK,,https://app.enertiv.com/app/portfolio/ecbca40a-713e-4433-ab97-3f3c16e1e359/utilities/bills?location=74b6ff59-5d29-448b-b1a2-490079e4dac2&ub_fromTime=2025-12-22&ub_toTime=2026-01-25
Waters I,2910 and 2930 Waters Road,MN,55121,Office,66154.0,Utility Account,Electricity,Xcel Energy,5100142506648,,,,,Landlord,2025-12-22,2026-01-25,2643.0,kWh,367.28,OK,,https://app.enertiv.com/app/portfolio/ecbca40a-713e-4433-ab97-3f3c16e1e359/utilities/bills?location=74b6ff59-5d29-448b-b1a2-490079e4dac2&ub_fromTime=2025-12-22&ub_toTime=2026-01-25
Waters I,2910 and 2930 Waters Road,MN,55121,Office,66154.0,Utility Account,Electricity,Xcel Energy,5100142506659,,,,,Landlord,2025-12-22,2026-01-25,6759.0,kWh,672.41,OK,,https://app.enertiv.com/app/portfolio/ecbca40a-713e-4433-ab97-3f3c16e1e359/utilities/bills?location=74b6ff59-5d29-448b-b1a2-490079e4dac2&ub_fromTime=2025-12-22&ub_toTime=2026-01-25
Waters I,2910 and 2930 Waters Road,MN,55121,Office,66154.0,Utility Account,Electricity,Xcel Energy,5100150890742,,,,,Landlord,2025-12-23,2026-01-26,1184.0,kWh,219.87999999999997,OK,,https://app.enertiv.com/app/portfolio/ecbca40a-713e-4433-ab97-3f3c16e1e359/utilities/bills?location=74b6ff59-5d29-448b-b1a2-490079e4dac2&ub_fromTime=2025-12-23&ub_toTime=2026-01-26
Waters I,2910 and 2930 Waters Road,MN,55121,Office,66154.0,Utility Account,Electricity,Xcel Energy,5100155510630,,,,,Landlord,2025-12-23,2026-01-26,746.0,kWh,130.75,OK,,https://app.enertiv.com/app/portfolio/ecbca40a-713e-4433-ab97-3f3c16e1e359/utilities/bills?location=74b6ff59-5d29-448b-b1a2-490079e4dac2&ub_fromTime=2025-12-23&ub_toTime=2026-01-26
Waters I,2910 and 2930 Waters Road,MN,55121,Office,66154.0,Monitored,Electricity,02 755 572,02 755 572,Unit 100,MN Aurora,4866.0,7%,Tenant,2026-01-01,2026-01-01,47.06447976,kWh,,OK,2025-12-23,https://app.enertiv.com/app/properties/74b6ff59-5d29-448b-b1a2-490079e4dac2/digitization/meters/10fc5287-c07a-49e5-b13c-4f514e320a49?tab=data&fromTime=2026-01-01&toTime=2026-01-01&reading_types=3
Waters I,2910 and 2930 Waters Road,MN,55121,Office,66154.0,Monitored,Electricity,03 144 854,03 144 854,Unit 110,CPS/Custom Products & Services Inc,4899.0,7%,Tenant,2026-01-01,2026-01-01,24.11443128,kWh,,OK,2025-12-23,https://app.enertiv.com/app/properties/74b6ff59-5d29-448b-b1a2-490079e4dac2/digitization/meters/242ede65-569a-4eb1-a2d9-f1081aaa4ba8?tab=data&fromTime=2026-01-01&toTime=2026-01-01&reading_types=3
Waters I,2910 and 2930 Waters Road,MN,55121,Office,66154.0,Monitored,Electricity,03 627 892,03 627 892,Unit 160,"Mary Ellen's Products, Inc",5662.0,9%,Tenant,2026-01-01,2026-01-01,54.95584728,kWh,,OK,2025-12-23,https://app.enertiv.com/app/properties/74b6ff59-5d29-448b-b1a2-490079e4dac2/digitization/meters/a2da61fe-2a10-4126-a700-f49e5502981f?tab=data&fromTime=2026-01-01&toTime=2026-01-01&reading_types=3
Waters I,2910 and 2930 Waters Road,MN,55121,Office,66154.0,Monitored,Electricity,14835551,14835551,Unit 170,"Americom, Inc",9415.0,14%,Tenant,2026-01-01,2026-01-01,138.87167928,kWh,,OK,2025-12-23,https://app.enertiv.com/app/properties/74b6ff59-5d29-448b-b1a2-490079e4dac2/digitization/meters/7d0e5e1e-b3e2-49d1-9c0a-4cd95d17f369?tab=data&fromTime=2026-01-01&toTime=2026-01-01&reading_types=3
Waters I,2910 and 2930 Waters Road,MN,55121,Office,66154.0,Monitored,Electricity,18213011,18213011,Mechanical Rm 2910,,,,Tenant,2026-01-01,2026-01-01,37.21905552,kWh,,OK,2025-12-23,https://app.enertiv.com/app/properties/74b6ff59-5d29-448b-b1a2-490079e4dac2/digitization/meters/82d9e958-40a7-489a-b3d7-48cd737e25c4?tab=data&fromTime=2026-01-01&toTime=2026-01-01&reading_types=3
Waters I,2910 and 2930 Waters Road,MN,55121,Office,66154.0,Monitored,Electricity,Electric Aggregate Meter,Electric Aggregate Meter,Mechanical Rm 2910,,,,Tenant,2026-01-01,2026-01-01,390.5792148,kWh,,OK,2025-12-23,https://app.enertiv.com/app/properties/74b6ff59-5d29-448b-b1a2-490079e4dac2/digitization/meters/a6c5813d-8da0-427e-b9e4-3fc9a708d59c?tab=data&fromTime=2026-01-01&toTime=2026-01-01&reading_types=3
Waters I,2910 and 2930 Waters Road,MN,55121,Office,66154.0,Monitored,Electricity,HOUSE,03 627 831,Mechanical Rm 2910,,,,Tenant,2026-01-01,2026-01-01,88.35372167999999,kWh,,OK,2025-12-23,https://app.enertiv.com/app/properties/74b6ff59-5d29-448b-b1a2-490079e4dac2/digitization/meters/2ab495c5-2e2f-41cf-8ad5-8d8d7b85c007?tab=data&fromTime=2026-01-01&toTime=2026-01-01&reading_types=3
Waters III,2945 Lone Oak Drive,MN,55121,Office,77716.0,Utility Account,Electricity,Xcel Energy,5100142506637,,,,,Landlord,2025-12-22,2026-01-25,5604.0,kWh,603.58,OK,,https://app.enertiv.com/app/portfolio/ecbca40a-713e-4433-ab97-3f3c16e1e359/utilities/bills?location=7a783218-69f1-4352-9612-d1d674723699&ub_fromTime=2025-12-22&ub_toTime=2026-01-25
Waters III,2945 Lone Oak Drive,MN,55121,Office,77716.0,Monitored,Electricity,Electric Aggregate Meter,Electric Aggregate Meter,Mechanical Rm,,,,Tenant,2026-01-01,2026-01-01,,,,Before Setup,2026-02-19,https://app.enertiv.com/app/properties/7a783218-69f1-4352-9612-d1d674723699/digitization/meters/3602f214-f1ac-4915-a32d-d5538be53ff4?tab=data&fromTime=2026-01-01&toTime=2026-01-01&reading_types=3
Waters III,2945 Lone Oak Drive,MN,55121,Office,77716.0,Monitored,Electricity,House,03 593 728,Mechanical Rm,,,,Tenant,2026-01-01,2026-01-01,,,,Before Setup,2026-02-19,https://app.enertiv.com/app/properties/7a783218-69f1-4352-9612-d1d674723699/digitization/meters/00d8568f-82fc-42d4-80c4-ba61aaf9b8ea?tab=data&fromTime=2026-01-01&toTime=2026-01-01&reading_types=3
Waters III,2945 Lone Oak Drive,MN,55121,Office,77716.0,Monitored,Electricity,TENANT #100 & #110,348 298 222,Unit 100,"Lasermark, Inc.",15723.0,20%,Tenant,2026-01-01,2026-01-01,,,,Before Setup,2026-02-19,https://app.enertiv.com/app/properties/7a783218-69f1-4352-9612-d1d674723699/digitization/meters/2aff25da-a96b-486e-834d-b0781b3f8a75?tab=data&fromTime=2026-01-01&toTime=2026-01-01&reading_types=3
Waters III,2945 Lone Oak Drive,MN,55121,Office,77716.0,Monitored,Electricity,TENANT #150,348 298 206,Unit 150,"Don Stevens, LLC",18597.0,24%,Tenant,2026-01-01,2026-01-01,,,,Before Setup,2026-02-19,https://app.enertiv.com/app/properties/7a783218-69f1-4352-9612-d1d674723699/digitization/meters/b1cf52a0-9f78-45a7-80ba-01091272b748?tab=data&fromTime=2026-01-01&toTime=2026-01-01&reading_types=3
Waters III,2945 Lone Oak Drive,MN,55121,Office,77716.0,Monitored,Electricity,TENANT #160,348 298 221,Unit 160,Valence Protective Coatings Inc.,15507.0,20%,Tenant,2026-01-01,2026-01-01,,,,Before Setup,2026-02-19,https://app.enertiv.com/app/properties/7a783218-69f1-4352-9612-d1d674723699/digitization/meters/1451f1fa-cf3b-4af8-9181-023a2deca0aa?tab=data&fromTime=2026-01-01&toTime=2026-01-01&reading_types=3
Waters III,2945 Lone Oak Drive,MN,55121,Office,77716.0,Monitored,Electricity,TENANT #180,03 570 0899,Unit 180,Batesville Logistics Inc.,14376.0,18%,Tenant,2026-01-01,2026-01-01,,,,Before Setup,2026-02-19,https://app.enertiv.com/app/properties/7a783218-69f1-4352-9612-d1d674723699/digitization/meters/87780c09-02d9-4f7e-ad5b-f466e9b2d9a3?tab=data&fromTime=2026-01-01&toTime=2026-01-01&reading_types=3
Waters III,2945 Lone Oak Drive,MN,55121,Office,77716.0,Monitored,Electricity,TENANT #190,02 848 499,Unit 190,Wizmo Inc.,13513.0,17%,Tenant,2026-01-01,2026-01-01,,,,Before Setup,2026-02-19,https://app.enertiv.com/app/properties/7a783218-69f1-4352-9612-d1d674723699/digitization/meters/628e029b-5a75-402c-81eb-48a77b37bf0d?tab=data&fromTime=2026-01-01&toTime=2026-01-01&reading_types=3
Waters IV,2935 Waters Road,MN,55121,Office,54000.0,Utility Account,Natural Gas,Minnesota Energy Resource,073745899400004,,,,,Landlord,2025-12-10,2026-01-12,883.8,thm,949.96,OK,,https://app.enertiv.com/app/portfolio/ecbca40a-713e-4433-ab97-3f3c16e1e359/utilities/bills?location=ccac1ce9-cbe0-4236-8f7e-97e774800692&ub_fromTime=2025-12-10&ub_toTime=2026-01-12
Waters IV,2935 Waters Road,MN,55121,Office,54000.0,Utility Account,Electricity,Xcel Energy,5100142506773,,,,,Landlord,2025-12-22,2026-01-25,3173.0,kWh,424.73999999999995,OK,,https://app.enertiv.com/app/portfolio/ecbca40a-713e-4433-ab97-3f3c16e1e359/utilities/bills?location=ccac1ce9-cbe0-4236-8f7e-97e774800692&ub_fromTime=2025-12-22&ub_toTime=2026-01-25
Waters IV,2935 Waters Road,MN,55121,Office,54000.0,Monitored,Electricity,02 945 113,02 945 113,Unit 140,"Union Brass Manufacturing Company, Inc",6890.0,13%,Tenant,2026-01-01,2026-01-01,73.0499784,kWh,,OK,2025-12-23,https://app.enertiv.com/app/properties/ccac1ce9-cbe0-4236-8f7e-97e774800692/digitization/meters/8f678625-988a-45e2-ba4a-40d6dba1e025?tab=data&fromTime=2026-01-01&toTime=2026-01-01&reading_types=3
Waters IV,2935 Waters Road,MN,55121,Office,54000.0,Monitored,Electricity,30097151,30097151,Unit 120,"Interstate Bearing Systems, Inc",10767.0,20%,Tenant,2026-01-01,2026-01-01,49.14300168,kWh,,OK,2025-12-23,https://app.enertiv.com/app/properties/ccac1ce9-cbe0-4236-8f7e-97e774800692/digitization/meters/fa4ceac7-87c8-4864-845d-bc8acc10696c?tab=data&fromTime=2026-01-01&toTime=2026-01-01&reading_types=3
Waters IV,2935 Waters Road,MN,55121,Office,54000.0,Monitored,Electricity,348 291 950,348 291 950,Unit 200,Printware LLC,14435.0,27%,Tenant,2026-01-01,2026-01-01,213.60647952000002,kWh,,OK,2025-12-23,https://app.enertiv.com/app/properties/ccac1ce9-cbe0-4236-8f7e-97e774800692/digitization/meters/c426f2b5-c513-42b7-b16d-b247c7adf0b2?tab=data&fromTime=2026-01-01&toTime=2026-01-01&reading_types=3
Waters IV,2935 Waters Road,MN,55121,Office,54000.0,Monitored,Electricity,348 298 225,348 298 225,Main Electrical Rm,,,,Tenant,2026-01-01,2026-01-01,68.93423999999999,kWh,,OK,2025-12-23,https://app.enertiv.com/app/properties/ccac1ce9-cbe0-4236-8f7e-97e774800692/digitization/meters/8bb36f4d-e45e-46eb-bffe-3456ddb57d7f?tab=data&fromTime=2026-01-01&toTime=2026-01-01&reading_types=3
Waters IV,2935 Waters Road,MN,55121,Office,54000.0,Monitored,Electricity,348 298 226,348 298 226,Unit 100,C4 Technical Services LLC,10999.0,20%,Tenant,2026-01-01,2026-01-01,345.86663256,kWh,,OK,2025-12-23,https://app.enertiv.com/app/properties/ccac1ce9-cbe0-4236-8f7e-97e774800692/digitization/meters/995c0647-fcf7-45c3-8f83-312b41e1864c?tab=data&fromTime=2026-01-01&toTime=2026-01-01&reading_types=3
Waters IV,2935 Waters Road,MN,55121,Office,54000.0,Monitored,Electricity,Electric Aggregate Meter,Electric Aggregate Meter,Main Electrical Rm,,,,Tenant,2026-01-01,2026-01-01,855.3896107200001,kWh,,OK,2025-12-23,https://app.enertiv.com/app/properties/ccac1ce9-cbe0-4236-8f7e-97e774800692/digitization/meters/1282984b-fb4c-46c7-9d59-8b6112f01400?tab=data&fromTime=2026-01-01&toTime=2026-01-01&reading_types=3
Waters IV,2935 Waters Road,MN,55121,Office,54000.0,Monitored,Electricity,HOUSE,03 417 456,Main Electrical Rm,,,,Tenant,2026-01-01,2026-01-01,104.78927855999999,kWh,,OK,2025-12-23,https://app.enertiv.com/app/properties/ccac1ce9-cbe0-4236-8f7e-97e774800692/digitization/meters/09d6b899-0ef9-4a4a-af2a-26900331b74b?tab=data&fromTime=2026-01-01&toTime=2026-01-01&reading_types=3
Waters V,2955 Lone Oak Drive,MN,55121,Office,44242.0,Utility Account,Electricity,Xcel Energy,5100142506740,,,,,Landlord,2025-12-23,2026-01-26,3503.0,kWh,539.1899999999999,OK,,https://app.enertiv.com/app/portfolio/ecbca40a-713e-4433-ab97-3f3c16e1e359/utilities/bills?location=7fa91610-868b-421c-a0b3-5b9008b0b381&ub_fromTime=2025-12-23&ub_toTime=2026-01-26
Waters V,2955 Lone Oak Drive,MN,55121,Office,44242.0,Utility Account,Electricity,Xcel Energy,5100144223786,,,,,Landlord,2025-12-23,2026-01-26,0.0,kWh,51.54,OK,,https://app.enertiv.com/app/portfolio/ecbca40a-713e-4433-ab97-3f3c16e1e359/utilities/bills?location=7fa91610-868b-421c-a0b3-5b9008b0b381&ub_fromTime=2025-12-23&ub_toTime=2026-01-26
Waters V,2955 Lone Oak Drive,MN,55121,Office,44242.0,Monitored,Electricity,19780290,19780290,Unit 180,Pegasus Spiele North America Corporation,19645.0,44%,Tenant,2026-01-01,2026-01-01,117.98663783999999,kWh,,OK,2025-12-24,https://app.enertiv.com/app/properties/7fa91610-868b-421c-a0b3-5b9008b0b381/digitization/meters/39ceafb4-a078-4062-b347-f2583d6e24b1?tab=data&fromTime=2026-01-01&toTime=2026-01-01&reading_types=3
Waters V,2955 Lone Oak Drive,MN,55121,Office,44242.0,Monitored,Electricity,20267875,20267875,Unit 180,Pegasus Spiele North America Corporation,19645.0,44%,Tenant,2026-01-01,2026-01-01,0.20000015999999998,kWh,,OK,2025-12-24,https://app.enertiv.com/app/properties/7fa91610-868b-421c-a0b3-5b9008b0b381/digitization/meters/34a7a8e1-9ad5-4344-bf95-f424b4e6e6f7?tab=data&fromTime=2026-01-01&toTime=2026-01-01&reading_types=3
Waters V,2955 Lone Oak Drive,MN,55121,Office,44242.0,Monitored,Electricity,352 441 054,352 441 054,Unit 100,Deere & Company,24607.0,56%,Tenant,2026-01-01,2026-01-01,346.96833408,kWh,,OK,2025-12-24,https://app.enertiv.com/app/properties/7fa91610-868b-421c-a0b3-5b9008b0b381/digitization/meters/da929b55-83be-4fa2-b15f-e6ca0eecfb80?tab=data&fromTime=2026-01-01&toTime=2026-01-01&reading_types=3
Waters V,2955 Lone Oak Drive,MN,55121,Office,44242.0,Monitored,Electricity,Electric Aggregate Meter,Electric Aggregate Meter,Mechanical Rm,,,,Tenant,2026-01-01,2026-01-01,576.91337496,kWh,,OK,2025-12-24,https://app.enertiv.com/app/properties/7fa91610-868b-421c-a0b3-5b9008b0b381/digitization/meters/e23afd76-de0b-4a15-941e-868d822b1bf7?tab=data&fromTime=2026-01-01&toTime=2026-01-01&reading_types=3
Waters V,2955 Lone Oak Drive,MN,55121,Office,44242.0,Monitored,Electricity,HOUSE,19780289,Mechanical Rm,,,,Tenant,2026-01-01,2026-01-01,111.75840288,kWh,,OK,2025-12-24,https://app.enertiv.com/app/properties/7fa91610-868b-421c-a0b3-5b9008b0b381/digitization/meters/291f7668-066c-46f2-8c19-a30bb7bee0cd?tab=data&fromTime=2026-01-01&toTime=2026-01-01&reading_types=3
Waters VI,2975 Lone Oak Drive,MN,55121,Office,45472.0,Utility Account,Electricity,Xcel Energy,5100142506875,,,,,Landlord,2025-12-22,2026-01-25,5610.0,kWh,643.0400000000001,OK,,https://app.enertiv.com/app/portfolio/ecbca40a-713e-4433-ab97-3f3c16e1e359/utilities/bills?location=b06872c2-690d-4f01-aa93-ec21a0645c86&ub_fromTime=2025-12-22&ub_toTime=2026-01-25
Waters VII,2965 Lone Oak Drive,MN,55121,Office,45472.0,Utility Account,Electricity,Xcel Energy,5100152591971,,,,,Landlord,2025-12-22,2026-01-25,3529.0,kWh,525.87,OK,,https://app.enertiv.com/app/portfolio/ecbca40a-713e-4433-ab97-3f3c16e1e359/utilities/bills?location=112ad083-5725-43db-b2a0-cc462d513433&ub_fromTime=2025-12-22&ub_toTime=2026-01-25
Waters VII,2965 Lone Oak Drive,MN,55121,Office,45472.0,Utility Account,Electricity,Xcel Energy,5100142506831,,,,,Landlord,2025-12-23,2026-01-26,3258.0,kWh,502.9100000000001,OK,,https://app.enertiv.com/app/portfolio/ecbca40a-713e-4433-ab97-3f3c16e1e359/utilities/bills?location=112ad083-5725-43db-b2a0-cc462d513433&ub_fromTime=2025-12-23&ub_toTime=2026-01-26
Waters VII,2965 Lone Oak Drive,MN,55121,Office,45472.0,Monitored,Electricity,03 627 930,03 627 930,Unit 100,Kone Inc.,13176.0,29%,Tenant,2026-01-01,2026-01-01,,,,Before Setup,2026-02-03,https://app.enertiv.com/app/properties/112ad083-5725-43db-b2a0-cc462d513433/digitization/meters/4c1fd7d8-b382-4b28-84fc-dcab5bdf882f?tab=data&fromTime=2026-01-01&toTime=2026-01-01&reading_types=3
Waters VII,2965 Lone Oak Drive,MN,55121,Office,45472.0,Monitored,Electricity,348 298 181,348 298 181,Mechanical Rm,,,,Tenant,2026-01-01,2026-01-01,,,,Before Setup,2026-02-03,https://app.enertiv.com/app/properties/112ad083-5725-43db-b2a0-cc462d513433/digitization/meters/16ce327c-e5d6-42ae-8d00-09fea27efb7a?tab=data&fromTime=2026-01-01&toTime=2026-01-01&reading_types=3
Waters VII,2965 Lone Oak Drive,MN,55121,Office,45472.0,Monitored,Electricity,352 545 066,352 545 066,Unit 180,Alpine Insulation,13120.0,29%,Tenant,2026-01-01,2026-01-01,,,,Before Setup,2026-02-03,https://app.enertiv.com/app/properties/112ad083-5725-43db-b2a0-cc462d513433/digitization/meters/33f18506-ef24-4fba-a8fa-b62abd080910?tab=data&fromTime=2026-01-01&toTime=2026-01-01&reading_types=3
Waters VII,2965 Lone Oak Drive,MN,55121,Office,45472.0,Monitored,Electricity,Electric Aggregate Meter,Electric Aggregate Meter,Mechanical Rm,,,,Tenant,2026-01-01,2026-01-01,,,,Before Setup,2026-02-03,https://app.enertiv.com/app/properties/112ad083-5725-43db-b2a0-cc462d513433/digitization/meters/ab66c996-1c7f-4d9f-b35d-ebbd00963417?tab=data&fromTime=2026-01-01&toTime=2026-01-01&reading_types=3
Waters VII,2965 Lone Oak Drive,MN,55121,Office,45472.0,Monitored,Electricity,HOUSE,14835552,Mechanical Rm,,,,Tenant,2026-01-01,2026-01-01,,,,Before Setup,2026-02-03,https://app.enertiv.com/app/properties/112ad083-5725-43db-b2a0-cc462d513433/digitization/meters/bc6f295b-2c73-47a8-b97e-c2a2af534a85?tab=data&fromTime=2026-01-01&toTime=2026-01-01&reading_types=3
